task,method,variant_id,lm_window_length,metric,score,average_distinct_ngrams_per_sentence,sampled_sentences,included_in_plot,metric_status,corpus_filename,resolved_corpus_file
analogy,frequent-ngram,v1,2,accuracy,0.0166953281743,16.2249,10000,True,current,resources/text//intrinsic/175838085.txt,/run/media/wolf/KIOXIA/SentencePartitioning/resources/text/intrinsic/175838085.txt
analogy,frequent-ngram,v2,2,accuracy,0.0173402120952,16.2249,10000,True,current,resources/text//intrinsic/175838771.txt,/run/media/wolf/KIOXIA/SentencePartitioning/resources/text/intrinsic/175838771.txt
analogy,frequent-ngram,v3,2,accuracy,0.0166236744053,16.2249,10000,True,current,resources/text//intrinsic/175839457.txt,/run/media/wolf/KIOXIA/SentencePartitioning/resources/text/intrinsic/175839457.txt
analogy,frequent-ngram,v4,3,accuracy,0.0175551734021,16.2249,10000,True,current,resources/text//intrinsic/175840542.txt,/run/media/wolf/KIOXIA/SentencePartitioning/resources/text/intrinsic/175840542.txt
analogy,frequent-ngram,v5,3,accuracy,0.0171969045572,16.2249,10000,True,current,resources/text//intrinsic/175841228.txt,/run/media/wolf/KIOXIA/SentencePartitioning/resources/text/intrinsic/175841228.txt
analogy,frequent-ngram,v6,3,accuracy,0.0164087130983,16.2249,10000,True,current,resources/text//intrinsic/175841914.txt,/run/media/wolf/KIOXIA/SentencePartitioning/resources/text/intrinsic/175841914.txt
analogy,frequent-ngram,v7,4,accuracy,0.0174835196331,16.2249,10000,True,current,resources/text//intrinsic/175842999.txt,/run/media/wolf/KIOXIA/SentencePartitioning/resources/text/intrinsic/175842999.txt
analogy,frequent-ngram,v8,4,accuracy,0.0166236744053,16.2249,10000,True,current,resources/text//intrinsic/175843685.txt,/run/media/wolf/KIOXIA/SentencePartitioning/resources/text/intrinsic/175843685.txt
analogy,frequent-ngram,v9,4,accuracy,0.0161220980224,16.2249,10000,True,current,resources/text//intrinsic/175844371.txt,/run/media/wolf/KIOXIA/SentencePartitioning/resources/text/intrinsic/175844371.txt
analogy,lm-lemma,v1,2,accuracy,0.0308827744339,21.9066,10000,True,current,resources/text//intrinsic/-1392569637.txt,/run/media/wolf/KIOXIA/SentencePartitioning/resources/text/intrinsic/-1392569637.txt
analogy,lm-lemma,v2,2,accuracy,0.0298796216681,21.9066,10000,True,current,resources/text//intrinsic/-1392568951.txt,/run/media/wolf/KIOXIA/SentencePartitioning/resources/text/intrinsic/-1392568951.txt
analogy,lm-lemma,v3,2,accuracy,0.0299512754371,21.9066,10000,True,current,resources/text//intrinsic/-1392568265.txt,/run/media/wolf/KIOXIA/SentencePartitioning/resources/text/intrinsic/-1392568265.txt
analogy,lm-lemma,v4,3,accuracy,0.030381198051,21.8853,10000,True,current,resources/text//intrinsic/-1392567180.txt,/run/media/wolf/KIOXIA/SentencePartitioning/resources/text/intrinsic/-1392567180.txt
analogy,lm-lemma,v5,3,accuracy,0.0317426196618,21.8853,10000,True,current,resources/text//intrinsic/-1392566494.txt,/run/media/wolf/KIOXIA/SentencePartitioning/resources/text/intrinsic/-1392566494.txt
analogy,lm-lemma,v6,3,accuracy,0.0310260819719,21.8853,10000,True,current,resources/text//intrinsic/-1392565808.txt,/run/media/wolf/KIOXIA/SentencePartitioning/resources/text/intrinsic/-1392565808.txt
analogy,lm-lemma,v7,4,accuracy,0.030739466896,21.8832,10000,True,current,resources/text//intrinsic/-1392564723.txt,/run/media/wolf/KIOXIA/SentencePartitioning/resources/text/intrinsic/-1392564723.txt
analogy,lm-lemma,v8,4,accuracy,0.03045285182,21.8832,10000,True,current,resources/text//intrinsic/-1392564037.txt,/run/media/wolf/KIOXIA/SentencePartitioning/resources/text/intrinsic/-1392564037.txt
analogy,lm-lemma,v9,4,accuracy,0.0308827744339,21.8832,10000,True,current,resources/text//intrinsic/-1392563351.txt,/run/media/wolf/KIOXIA/SentencePartitioning/resources/text/intrinsic/-1392563351.txt
analogy,lm-lemma,v10,3,accuracy,0.0312410432789,21.8853,10000,True,current,resources/text//intrinsic/-2079644288.txt,/run/media/wolf/KIOXIA/SentencePartitioning/resources/text/intrinsic/-2079644288.txt
analogy,lm-lemma,v11,3,accuracy,0.0317426196618,21.8853,10000,True,current,resources/text//intrinsic/-1747506257.txt,/run/media/wolf/KIOXIA/SentencePartitioning/resources/text/intrinsic/-1747506257.txt
analogy,lm-lemma,v12,3,accuracy,0.0315276583548,21.8853,10000,True,current,resources/text//intrinsic/1689808136.txt,/run/media/wolf/KIOXIA/SentencePartitioning/resources/text/intrinsic/1689808136.txt
analogy,lm-lemma,v13,3,accuracy,0.0325308111207,21.8853,10000,True,current,resources/text//intrinsic/1363077970.txt,/run/media/wolf/KIOXIA/SentencePartitioning/resources/text/intrinsic/1363077970.txt
analogy,lm-lemma,v14,3,accuracy,0.0315993121238,21.8853,10000,True,current,resources/text//intrinsic/941152357.txt,/run/media/wolf/KIOXIA/SentencePartitioning/resources/text/intrinsic/941152357.txt
analogy,lm-lemma,v15,3,accuracy,0.0317426196618,21.8853,10000,True,current,resources/text//intrinsic/1273290388.txt,/run/media/wolf/KIOXIA/SentencePartitioning/resources/text/intrinsic/1273290388.txt
analogy,lm-lemma,v16,3,accuracy,0.030667813127,21.8853,10000,True,current,resources/text//intrinsic/415637485.txt,/run/media/wolf/KIOXIA/SentencePartitioning/resources/text/intrinsic/415637485.txt
analogy,lm-lemma,v17,3,accuracy,0.0323875035827,21.8853,10000,True,current,resources/text//intrinsic/88907319.txt,/run/media/wolf/KIOXIA/SentencePartitioning/resources/text/intrinsic/88907319.txt
analogy,lm-lemma,v18,3,accuracy,0.030524505589,21.8853,10000,True,current,resources/text//intrinsic/2119117743.txt,/run/media/wolf/KIOXIA/SentencePartitioning/resources/text/intrinsic/2119117743.txt
analogy,lm-lemma,v19,3,accuracy,0.0320292347377,21.8853,10000,True,current,resources/text//intrinsic/1261464840.txt,/run/media/wolf/KIOXIA/SentencePartitioning/resources/text/intrinsic/1261464840.txt
analogy,lm-lemma,v20,3,accuracy,0.0308827744339,21.8853,10000,True,current,resources/text//intrinsic/934734674.txt,/run/media/wolf/KIOXIA/SentencePartitioning/resources/text/intrinsic/934734674.txt
analogy,lm-lemma,v21,3,accuracy,0.0314560045858,21.8853,10000,True,current,resources/text//intrinsic/-1782897280.txt,/run/media/wolf/KIOXIA/SentencePartitioning/resources/text/intrinsic/-1782897280.txt
analogy,lm-lemma,v22,3,accuracy,0.0311693895099,21.8853,10000,True,current,resources/text//intrinsic/-1450759249.txt,/run/media/wolf/KIOXIA/SentencePartitioning/resources/text/intrinsic/-1450759249.txt
analogy,lm-lemma,v23,3,accuracy,0.0321725422757,21.8853,10000,True,current,resources/text//intrinsic/1986555144.txt,/run/media/wolf/KIOXIA/SentencePartitioning/resources/text/intrinsic/1986555144.txt
analogy,lm-lemma,v24,3,accuracy,0.0310977357409,21.8853,10000,True,current,resources/text//intrinsic/1659824978.txt,/run/media/wolf/KIOXIA/SentencePartitioning/resources/text/intrinsic/1659824978.txt
analogy,lm-lemma,v25,3,accuracy,0.0310977357409,21.8853,10000,True,current,resources/text//intrinsic/-1189403264.txt,/run/media/wolf/KIOXIA/SentencePartitioning/resources/text/intrinsic/-1189403264.txt
analogy,lm-lemma,v26,3,accuracy,0.0326024648897,21.8853,10000,True,current,resources/text//intrinsic/-857265233.txt,/run/media/wolf/KIOXIA/SentencePartitioning/resources/text/intrinsic/-857265233.txt
analogy,lm-lemma,v27,3,accuracy,0.0308111206649,21.8853,10000,True,current,resources/text//intrinsic/-1714918136.txt,/run/media/wolf/KIOXIA/SentencePartitioning/resources/text/intrinsic/-1714918136.txt
analogy,lm-lemma,v28,3,accuracy,0.0317426196618,21.8853,10000,True,current,resources/text//intrinsic/-2041648302.txt,/run/media/wolf/KIOXIA/SentencePartitioning/resources/text/intrinsic/-2041648302.txt
analogy,lm-rank,v1,2,accuracy,0.000143307537976,26.0805722892,3984,True,current,resources/text//intrinsic/249431159.txt,/run/media/wolf/KIOXIA/SentencePartitioning/resources/text/intrinsic/249431159.txt
analogy,lm-rank,v2,2,accuracy,0.000644883920894,28.671435743,3984,True,current,resources/text//intrinsic/249431845.txt,/run/media/wolf/KIOXIA/SentencePartitioning/resources/text/intrinsic/249431845.txt
analogy,lm-rank,v3,2,accuracy,0.00186299799369,28.6573795181,3984,True,current,resources/text//intrinsic/249432531.txt,/run/media/wolf/KIOXIA/SentencePartitioning/resources/text/intrinsic/249432531.txt
analogy,lm-rank,v4,3,accuracy,0.000143307537976,26.0805722892,3984,True,current,resources/text//intrinsic/249433616.txt,/run/media/wolf/KIOXIA/SentencePartitioning/resources/text/intrinsic/249433616.txt
analogy,lm-rank,v5,3,accuracy,0.000214961306965,28.9789156627,3984,True,current,resources/text//intrinsic/249434302.txt,/run/media/wolf/KIOXIA/SentencePartitioning/resources/text/intrinsic/249434302.txt
analogy,lm-rank,v6,3,accuracy,0.00150472914875,28.96812249,3984,True,current,resources/text//intrinsic/249434988.txt,/run/media/wolf/KIOXIA/SentencePartitioning/resources/text/intrinsic/249434988.txt
analogy,lm-rank,v7,4,accuracy,0.000214961306965,26.0805722892,3984,True,current,resources/text//intrinsic/249436073.txt,/run/media/wolf/KIOXIA/SentencePartitioning/resources/text/intrinsic/249436073.txt
analogy,lm-rank,v8,4,accuracy,0.000859845227859,28.9590863454,3984,True,current,resources/text//intrinsic/249436759.txt,/run/media/wolf/KIOXIA/SentencePartitioning/resources/text/intrinsic/249436759.txt
analogy,lm-rank,v9,4,accuracy,0.000788191458871,28.4899598394,3984,True,current,resources/text//intrinsic/249437445.txt,/run/media/wolf/KIOXIA/SentencePartitioning/resources/text/intrinsic/249437445.txt
analogy,lm-rank,v10,3,accuracy,0.000429922613929,26.0805722892,3984,True,current,resources/text//intrinsic/-437643492.txt,/run/media/wolf/KIOXIA/SentencePartitioning/resources/text/intrinsic/-437643492.txt
analogy,lm-rank,v11,3,accuracy,0.000358268844941,25.9593373494,3984,True,current,resources/text//intrinsic/-105505461.txt,/run/media/wolf/KIOXIA/SentencePartitioning/resources/text/intrinsic/-105505461.txt
analogy,lm-rank,v12,3,accuracy,0.000501576382918,25.9987449799,3984,True,current,resources/text//intrinsic/-963158364.txt,/run/media/wolf/KIOXIA/SentencePartitioning/resources/text/intrinsic/-963158364.txt
analogy,lm-rank,v13,3,accuracy,0.000573230151906,25.9829317269,3984,True,current,resources/text//intrinsic/-1289888530.txt,/run/media/wolf/KIOXIA/SentencePartitioning/resources/text/intrinsic/-1289888530.txt
analogy,lm-rank,v14,3,accuracy,0.000214961306965,28.9736445783,3984,True,current,resources/text//intrinsic/-1711814143.txt,/run/media/wolf/KIOXIA/SentencePartitioning/resources/text/intrinsic/-1711814143.txt
analogy,lm-rank,v15,3,accuracy,0.000429922613929,28.953313253,3984,True,current,resources/text//intrinsic/-1379676112.txt,/run/media/wolf/KIOXIA/SentencePartitioning/resources/text/intrinsic/-1379676112.txt
analogy,lm-rank,v16,3,accuracy,0.000429922613929,28.9570783133,3984,True,current,resources/text//intrinsic/2057638281.txt,/run/media/wolf/KIOXIA/SentencePartitioning/resources/text/intrinsic/2057638281.txt
analogy,lm-rank,v17,3,accuracy,0.000429922613929,28.9445281124,3984,True,current,resources/text//intrinsic/1730908115.txt,/run/media/wolf/KIOXIA/SentencePartitioning/resources/text/intrinsic/1730908115.txt
analogy,lm-rank,v18,3,accuracy,0.000358268844941,28.968624498,3984,True,current,resources/text//intrinsic/-533848757.txt,/run/media/wolf/KIOXIA/SentencePartitioning/resources/text/intrinsic/-533848757.txt
analogy,lm-rank,v19,3,accuracy,0.000358268844941,28.9673694779,3984,True,current,resources/text//intrinsic/-1391501660.txt,/run/media/wolf/KIOXIA/SentencePartitioning/resources/text/intrinsic/-1391501660.txt
analogy,lm-rank,v20,3,accuracy,0.000358268844941,28.9698795181,3984,True,current,resources/text//intrinsic/-1718231826.txt,/run/media/wolf/KIOXIA/SentencePartitioning/resources/text/intrinsic/-1718231826.txt
analogy,lm-rank,v21,3,accuracy,0.000644883920894,28.9568273092,3984,True,current,resources/text//intrinsic/-140896484.txt,/run/media/wolf/KIOXIA/SentencePartitioning/resources/text/intrinsic/-140896484.txt
analogy,lm-rank,v22,3,accuracy,0.000644883920894,28.9505522088,3984,True,current,resources/text//intrinsic/191241547.txt,/run/media/wolf/KIOXIA/SentencePartitioning/resources/text/intrinsic/191241547.txt
analogy,lm-rank,v23,3,accuracy,0.000644883920894,28.952560241,3984,True,current,resources/text//intrinsic/-666411356.txt,/run/media/wolf/KIOXIA/SentencePartitioning/resources/text/intrinsic/-666411356.txt
analogy,lm-rank,v24,3,accuracy,0.000788191458871,28.953564257,3984,True,current,resources/text//intrinsic/-993141522.txt,/run/media/wolf/KIOXIA/SentencePartitioning/resources/text/intrinsic/-993141522.txt
analogy,lm-rank,v25,3,accuracy,0.000644883920894,28.9585843373,3984,True,current,resources/text//intrinsic/452597532.txt,/run/media/wolf/KIOXIA/SentencePartitioning/resources/text/intrinsic/452597532.txt
analogy,lm-rank,v26,3,accuracy,0.000716537689882,28.9570783133,3984,True,current,resources/text//intrinsic/784735563.txt,/run/media/wolf/KIOXIA/SentencePartitioning/resources/text/intrinsic/784735563.txt
analogy,lm-rank,v27,3,accuracy,0.000859845227859,28.9578313253,3984,True,current,resources/text//intrinsic/-72917340.txt,/run/media/wolf/KIOXIA/SentencePartitioning/resources/text/intrinsic/-72917340.txt
analogy,lm-rank,v28,3,accuracy,0.000859845227859,28.9578313253,3984,True,current,resources/text//intrinsic/-399647506.txt,/run/media/wolf/KIOXIA/SentencePartitioning/resources/text/intrinsic/-399647506.txt
analogy,lm-skip,v1,2,accuracy,0.000143307537976,22.9137,10000,True,current,resources/text//intrinsic/249470410.txt,/run/media/wolf/KIOXIA/SentencePartitioning/resources/text/intrinsic/249470410.txt
analogy,lm-skip,v2,2,accuracy,0.0200630553167,33.9489,10000,True,current,resources/text//intrinsic/249471096.txt,/run/media/wolf/KIOXIA/SentencePartitioning/resources/text/intrinsic/249471096.txt
analogy,lm-skip,v3,2,accuracy,0.0161937517913,35.3885,10000,True,current,resources/text//intrinsic/249471782.txt,/run/media/wolf/KIOXIA/SentencePartitioning/resources/text/intrinsic/249471782.txt
analogy,lm-skip,v4,3,accuracy,0.000214961306965,22.9137,10000,True,current,resources/text//intrinsic/249472867.txt,/run/media/wolf/KIOXIA/SentencePartitioning/resources/text/intrinsic/249472867.txt
analogy,lm-skip,v5,3,accuracy,0.0205646316996,33.9489,10000,True,current,resources/text//intrinsic/249473553.txt,/run/media/wolf/KIOXIA/SentencePartitioning/resources/text/intrinsic/249473553.txt
analogy,lm-skip,v6,3,accuracy,0.0152622527945,35.3885,10000,True,current,resources/text//intrinsic/249474239.txt,/run/media/wolf/KIOXIA/SentencePartitioning/resources/text/intrinsic/249474239.txt
analogy,lm-skip,v7,4,accuracy,0.000143307537976,22.9137,10000,True,current,resources/text//intrinsic/249475324.txt,/run/media/wolf/KIOXIA/SentencePartitioning/resources/text/intrinsic/249475324.txt
analogy,lm-skip,v8,4,accuracy,0.0207795930066,33.9489,10000,True,current,resources/text//intrinsic/249476010.txt,/run/media/wolf/KIOXIA/SentencePartitioning/resources/text/intrinsic/249476010.txt
analogy,lm-skip,v9,4,accuracy,0.0162654055603,35.3885,10000,True,current,resources/text//intrinsic/249476696.txt,/run/media/wolf/KIOXIA/SentencePartitioning/resources/text/intrinsic/249476696.txt
analogy,lm-subword,v1,2,accuracy,0.000214961306965,17.4607,10000,True,current,resources/text//intrinsic/74555517.txt,/run/media/wolf/KIOXIA/SentencePartitioning/resources/text/intrinsic/74555517.txt
analogy,lm-subword,v2,2,accuracy,0.0347520779593,26.4589,10000,True,current,resources/text//intrinsic/74556203.txt,/run/media/wolf/KIOXIA/SentencePartitioning/resources/text/intrinsic/74556203.txt
analogy,lm-subword,v3,2,accuracy,0.0301662367441,29.5121,10000,True,current,resources/text//intrinsic/74556889.txt,/run/media/wolf/KIOXIA/SentencePartitioning/resources/text/intrinsic/74556889.txt
analogy,lm-subword,v4,3,accuracy,0.000214961306965,17.4607,10000,True,current,resources/text//intrinsic/74557974.txt,/run/media/wolf/KIOXIA/SentencePartitioning/resources/text/intrinsic/74557974.txt
analogy,lm-subword,v5,3,accuracy,0.0353969618802,26.4249,10000,True,current,resources/text//intrinsic/74558660.txt,/run/media/wolf/KIOXIA/SentencePartitioning/resources/text/intrinsic/74558660.txt
analogy,lm-subword,v6,3,accuracy,0.0288048151333,29.4986,10000,True,current,resources/text//intrinsic/74559346.txt,/run/media/wolf/KIOXIA/SentencePartitioning/resources/text/intrinsic/74559346.txt
analogy,lm-subword,v7,4,accuracy,0.000286615075953,17.4607,10000,True,current,resources/text//intrinsic/74560431.txt,/run/media/wolf/KIOXIA/SentencePartitioning/resources/text/intrinsic/74560431.txt
analogy,lm-subword,v8,4,accuracy,0.0377615362568,26.4536,10000,True,current,resources/text//intrinsic/74561117.txt,/run/media/wolf/KIOXIA/SentencePartitioning/resources/text/intrinsic/74561117.txt
analogy,lm-subword,v9,4,accuracy,0.0292347377472,29.4681,10000,True,current,resources/text//intrinsic/74561803.txt,/run/media/wolf/KIOXIA/SentencePartitioning/resources/text/intrinsic/74561803.txt
analogy,lm-subword,v10,3,accuracy,0.0339638865004,26.4121,10000,True,current,resources/text//intrinsic/113265181.txt,/run/media/wolf/KIOXIA/SentencePartitioning/resources/text/intrinsic/113265181.txt
analogy,lm-subword,v11,3,accuracy,0.0371166523359,26.4532,10000,True,current,resources/text//intrinsic/117382896.txt,/run/media/wolf/KIOXIA/SentencePartitioning/resources/text/intrinsic/117382896.txt
analogy,lm-subword,v12,3,accuracy,0.0358985382631,26.4691,10000,True,current,resources/text//intrinsic/125618326.txt,/run/media/wolf/KIOXIA/SentencePartitioning/resources/text/intrinsic/125618326.txt
analogy,lm-syllable,v1,2,accuracy,0,17.5524,10000,True,current,resources/text//intrinsic/1312390923.txt,/run/media/wolf/KIOXIA/SentencePartitioning/resources/text/intrinsic/1312390923.txt
analogy,lm-syllable,v2,2,accuracy,0.000788191458871,27.6336,10000,True,current,resources/text//intrinsic/1312391609.txt,/run/media/wolf/KIOXIA/SentencePartitioning/resources/text/intrinsic/1312391609.txt
analogy,lm-syllable,v3,2,accuracy,0.00207795930066,30.031,10000,True,current,resources/text//intrinsic/1312392295.txt,/run/media/wolf/KIOXIA/SentencePartitioning/resources/text/intrinsic/1312392295.txt
analogy,lm-syllable,v4,3,accuracy,7.16537689882e-05,17.5524,10000,True,current,resources/text//intrinsic/1312393380.txt,/run/media/wolf/KIOXIA/SentencePartitioning/resources/text/intrinsic/1312393380.txt
analogy,lm-syllable,v5,3,accuracy,0.000788191458871,27.6347,10000,True,current,resources/text//intrinsic/1312394066.txt,/run/media/wolf/KIOXIA/SentencePartitioning/resources/text/intrinsic/1312394066.txt
analogy,lm-syllable,v6,3,accuracy,0.00207795930066,30.0379,10000,True,current,resources/text//intrinsic/1312394752.txt,/run/media/wolf/KIOXIA/SentencePartitioning/resources/text/intrinsic/1312394752.txt
analogy,lm-syllable,v7,4,accuracy,0,17.5524,10000,True,current,resources/text//intrinsic/1312395837.txt,/run/media/wolf/KIOXIA/SentencePartitioning/resources/text/intrinsic/1312395837.txt
analogy,lm-syllable,v8,4,accuracy,0.00100315276584,27.6338,10000,True,current,resources/text//intrinsic/1312396523.txt,/run/media/wolf/KIOXIA/SentencePartitioning/resources/text/intrinsic/1312396523.txt
analogy,lm-syllable,v9,4,accuracy,0.00186299799369,30.0383,10000,True,current,resources/text//intrinsic/1312397209.txt,/run/media/wolf/KIOXIA/SentencePartitioning/resources/text/intrinsic/1312397209.txt
analogy,lm-word,v1,10,accuracy,0.000143307537976,19.7765,10000,True,current,resources/text//intrinsic/249640291.txt,/run/media/wolf/KIOXIA/SentencePartitioning/resources/text/intrinsic/249640291.txt
morphology,frequent-ngram,v1,2,f_score,0.345762,16.6289,,True,current,resources/evaluation/morphology,
morphology,frequent-ngram,v2,2,f_score,0.345762,16.6289,,True,current,resources/evaluation/morphology,
morphology,frequent-ngram,v3,2,f_score,0.345762,16.6289,,True,current,resources/evaluation/morphology,
morphology,frequent-ngram,v4,3,f_score,0.345762,16.6289,,True,current,resources/evaluation/morphology,
morphology,frequent-ngram,v5,3,f_score,0.345762,16.6289,,True,current,resources/evaluation/morphology,
morphology,frequent-ngram,v6,3,f_score,0.345762,16.6289,,True,current,resources/evaluation/morphology,
morphology,frequent-ngram,v7,4,f_score,0.345762,16.6289,,True,current,resources/evaluation/morphology,
morphology,frequent-ngram,v8,4,f_score,0.345762,16.6289,,True,current,resources/evaluation/morphology,
morphology,frequent-ngram,v9,4,f_score,0.345762,16.6289,,True,current,resources/evaluation/morphology,
morphology,lm-lemma,v1,2,f_score,0.475877,22.466375,,True,current,resources/evaluation/morphology,
morphology,lm-lemma,v2,2,f_score,0.475877,22.466375,,True,current,resources/evaluation/morphology,
morphology,lm-lemma,v3,2,f_score,0.475877,22.466375,,True,current,resources/evaluation/morphology,
morphology,lm-lemma,v4,3,f_score,0.475877,22.442025,,True,current,resources/evaluation/morphology,
morphology,lm-lemma,v5,3,f_score,0.475877,22.442025,,True,current,resources/evaluation/morphology,
morphology,lm-lemma,v6,3,f_score,0.475877,22.442025,,True,current,resources/evaluation/morphology,
morphology,lm-lemma,v7,4,f_score,0.475877,22.4393,,True,current,resources/evaluation/morphology,
morphology,lm-lemma,v8,4,f_score,0.475877,22.4393,,True,current,resources/evaluation/morphology,
morphology,lm-lemma,v9,4,f_score,0.475877,22.4393,,True,current,resources/evaluation/morphology,
morphology,lm-lemma,v10,3,f_score,0.475877,22.442025,,True,current,resources/evaluation/morphology,
morphology,lm-lemma,v11,3,f_score,0.475877,22.442025,,True,current,resources/evaluation/morphology,
morphology,lm-lemma,v12,3,f_score,0.475877,22.442025,,True,current,resources/evaluation/morphology,
morphology,lm-lemma,v13,3,f_score,0.475877,22.442025,,True,current,resources/evaluation/morphology,
morphology,lm-lemma,v14,3,f_score,0.475877,22.442025,,True,current,resources/evaluation/morphology,
morphology,lm-lemma,v15,3,f_score,0.475877,22.442025,,True,current,resources/evaluation/morphology,
morphology,lm-lemma,v16,3,f_score,0.475877,22.442025,,True,current,resources/evaluation/morphology,
morphology,lm-lemma,v17,3,f_score,0.475877,22.442025,,True,current,resources/evaluation/morphology,
morphology,lm-lemma,v18,3,f_score,0.475877,22.442025,,True,current,resources/evaluation/morphology,
morphology,lm-lemma,v19,3,f_score,0.475877,22.442025,,True,current,resources/evaluation/morphology,
morphology,lm-lemma,v20,3,f_score,0.475877,22.442025,,True,current,resources/evaluation/morphology,
morphology,lm-lemma,v21,3,f_score,0.475877,22.442025,,True,current,resources/evaluation/morphology,
morphology,lm-lemma,v22,3,f_score,0.475877,22.442025,,True,current,resources/evaluation/morphology,
morphology,lm-lemma,v23,3,f_score,0.475877,22.442025,,True,current,resources/evaluation/morphology,
morphology,lm-lemma,v24,3,f_score,0.475877,22.442025,,True,current,resources/evaluation/morphology,
morphology,lm-lemma,v25,3,f_score,0.475877,22.442025,,True,current,resources/evaluation/morphology,
morphology,lm-lemma,v26,3,f_score,0.475877,22.442025,,True,current,resources/evaluation/morphology,
morphology,lm-lemma,v27,3,f_score,0.475877,22.442025,,True,current,resources/evaluation/morphology,
morphology,lm-lemma,v28,3,f_score,0.475877,22.442025,,True,current,resources/evaluation/morphology,
morphology,lm-rank,v1,2,f_score,0.486911,27.1261180723,,True,current,resources/evaluation/morphology,
morphology,lm-rank,v2,2,f_score,0.439903,29.8945839357,,True,current,resources/evaluation/morphology,
morphology,lm-rank,v3,2,f_score,0.397296,29.9192448795,,True,current,resources/evaluation/morphology,
morphology,lm-rank,v4,3,f_score,0.486911,27.2996680723,,True,current,resources/evaluation/morphology,
morphology,lm-rank,v5,3,f_score,0.417918,30.3692289157,,True,current,resources/evaluation/morphology,
morphology,lm-rank,v6,3,f_score,0.38382,30.3426806225,,True,current,resources/evaluation/morphology,
morphology,lm-rank,v7,4,f_score,0.486911,27.2996680723,,True,current,resources/evaluation/morphology,
morphology,lm-rank,v8,4,f_score,0.370133,30.4132215863,,True,current,resources/evaluation/morphology,
morphology,lm-rank,v9,4,f_score,0.324811,30.0271149598,,True,current,resources/evaluation/morphology,
morphology,lm-rank,v10,3,f_score,0.486911,27.2996680723,,True,current,resources/evaluation/morphology,
morphology,lm-rank,v11,3,f_score,0.493722,27.1646593373,,True,current,resources/evaluation/morphology,
morphology,lm-rank,v12,3,f_score,0.492223,27.209761245,,True,current,resources/evaluation/morphology,
morphology,lm-rank,v13,3,f_score,0.492889,27.1923079317,,True,current,resources/evaluation/morphology,
morphology,lm-rank,v14,3,f_score,0.429443,30.3856111446,,True,current,resources/evaluation/morphology,
morphology,lm-rank,v15,3,f_score,0.42509,30.3263783133,,True,current,resources/evaluation/morphology,
morphology,lm-rank,v16,3,f_score,0.42674,30.3423445783,,True,current,resources/evaluation/morphology,
morphology,lm-rank,v17,3,f_score,0.428633,30.3363320281,,True,current,resources/evaluation/morphology,
morphology,lm-rank,v18,3,f_score,0.416921,30.3520561245,,True,current,resources/evaluation/morphology,
morphology,lm-rank,v19,3,f_score,0.417018,30.3557673695,,True,current,resources/evaluation/morphology,
morphology,lm-rank,v20,3,f_score,0.417679,30.3551198795,,True,current,resources/evaluation/morphology,
morphology,lm-rank,v21,3,f_score,0.413978,30.3545318273,,True,current,resources/evaluation/morphology,
morphology,lm-rank,v22,3,f_score,0.411829,30.3455630522,,True,current,resources/evaluation/morphology,
morphology,lm-rank,v23,3,f_score,0.412023,30.3485900602,,True,current,resources/evaluation/morphology,
morphology,lm-rank,v24,3,f_score,0.414004,30.3480910643,,True,current,resources/evaluation/morphology,
morphology,lm-rank,v25,3,f_score,0.415739,30.3449210843,,True,current,resources/evaluation/morphology,
morphology,lm-rank,v26,3,f_score,0.415739,30.3383695783,,True,current,resources/evaluation/morphology,
morphology,lm-rank,v27,3,f_score,0.415739,30.3407078313,,True,current,resources/evaluation/morphology,
morphology,lm-rank,v28,3,f_score,0.415739,30.3400078313,,True,current,resources/evaluation/morphology,
morphology,lm-skip,v1,2,f_score,0.538576,23.6428,,True,current,resources/evaluation/morphology,
morphology,lm-skip,v2,2,f_score,0.247958,34.82465,,True,current,resources/evaluation/morphology,
morphology,lm-skip,v3,2,f_score,0.182867,36.168875,,True,current,resources/evaluation/morphology,
morphology,lm-skip,v4,3,f_score,0.538576,23.6428,,True,current,resources/evaluation/morphology,
morphology,lm-skip,v5,3,f_score,0.247958,34.82465,,True,current,resources/evaluation/morphology,
morphology,lm-skip,v6,3,f_score,0.182867,36.168875,,True,current,resources/evaluation/morphology,
morphology,lm-skip,v7,4,f_score,0.538576,23.6428,,True,current,resources/evaluation/morphology,
morphology,lm-skip,v8,4,f_score,0.247958,34.82465,,True,current,resources/evaluation/morphology,
morphology,lm-skip,v9,4,f_score,0.182867,36.168875,,True,current,resources/evaluation/morphology,
morphology,lm-subword,v1,2,f_score,0.357329,18.4294,,True,current,resources/evaluation/morphology,
morphology,lm-subword,v2,2,f_score,0.222423,27.858,,True,current,resources/evaluation/morphology,
morphology,lm-subword,v3,2,f_score,0.198302,30.59895,,True,current,resources/evaluation/morphology,
morphology,lm-subword,v4,3,f_score,0.357329,19.211975,,True,current,resources/evaluation/morphology,
morphology,lm-subword,v5,3,f_score,0.224409,27.8429,,True,current,resources/evaluation/morphology,
morphology,lm-subword,v6,3,f_score,0.191012,30.601275,,True,current,resources/evaluation/morphology,
morphology,lm-subword,v7,4,f_score,0.357329,19.211975,,True,current,resources/evaluation/morphology,
morphology,lm-subword,v8,4,f_score,0.226115,27.83195,,True,current,resources/evaluation/morphology,
morphology,lm-subword,v9,4,f_score,0.199732,30.601575,,True,current,resources/evaluation/morphology,
morphology,lm-subword,v10,3,f_score,0.230668,27.820925,,True,current,resources/evaluation/morphology,
morphology,lm-subword,v11,3,f_score,0.226355,27.855825,,True,current,resources/evaluation/morphology,
morphology,lm-subword,v12,3,f_score,0.234597,27.8533,,True,current,resources/evaluation/morphology,
morphology,lm-syllable,v1,2,f_score,0.35815,17.957825,,True,current,resources/evaluation/morphology,
morphology,lm-syllable,v2,2,f_score,0.212726,28.07415,,True,current,resources/evaluation/morphology,
morphology,lm-syllable,v3,2,f_score,0.218891,30.629,,True,current,resources/evaluation/morphology,
morphology,lm-syllable,v4,3,f_score,0.35815,17.957825,,True,current,resources/evaluation/morphology,
morphology,lm-syllable,v5,3,f_score,0.212196,28.07565,,True,current,resources/evaluation/morphology,
morphology,lm-syllable,v6,3,f_score,0.217637,30.634575,,True,current,resources/evaluation/morphology,
morphology,lm-syllable,v7,4,f_score,0.35815,17.957825,,True,current,resources/evaluation/morphology,
morphology,lm-syllable,v8,4,f_score,0.211134,28.076625,,True,current,resources/evaluation/morphology,
morphology,lm-syllable,v9,4,f_score,0.221651,30.635075,,True,current,resources/evaluation/morphology,
morphology,lm-word,v1,10,f_score,0.345762,18.803675,,True,current,resources/evaluation/morphology,
ner,frequent-ngram,v1,2,f_score,0.402539010659,20.6655,10000,True,current,resources/text//ner/175838085.txt,/run/media/wolf/KIOXIA/SentencePartitioning/resources/text/ner/175838085.txt
ner,frequent-ngram,v2,2,f_score,0.389273613089,20.6655,10000,True,current,resources/text//ner/175838771.txt,/run/media/wolf/KIOXIA/SentencePartitioning/resources/text/ner/175838771.txt
ner,frequent-ngram,v3,2,f_score,0.400716035378,20.6655,10000,True,current,resources/text//ner/175839457.txt,/run/media/wolf/KIOXIA/SentencePartitioning/resources/text/ner/175839457.txt
ner,frequent-ngram,v4,3,f_score,0.406839094288,20.6655,10000,True,current,resources/text//ner/175840542.txt,/run/media/wolf/KIOXIA/SentencePartitioning/resources/text/ner/175840542.txt
ner,frequent-ngram,v5,3,f_score,0.407217562893,20.6655,10000,True,current,resources/text//ner/175841228.txt,/run/media/wolf/KIOXIA/SentencePartitioning/resources/text/ner/175841228.txt
ner,frequent-ngram,v6,3,f_score,0.394611386997,20.6655,10000,True,current,resources/text//ner/175841914.txt,/run/media/wolf/KIOXIA/SentencePartitioning/resources/text/ner/175841914.txt
ner,frequent-ngram,v7,4,f_score,0.40650838673,20.6655,10000,True,current,resources/text//ner/175842999.txt,/run/media/wolf/KIOXIA/SentencePartitioning/resources/text/ner/175842999.txt
ner,frequent-ngram,v8,4,f_score,0.391313357192,20.6655,10000,True,current,resources/text//ner/175843685.txt,/run/media/wolf/KIOXIA/SentencePartitioning/resources/text/ner/175843685.txt
ner,frequent-ngram,v9,4,f_score,0.40448439835,20.6655,10000,True,current,resources/text//ner/175844371.txt,/run/media/wolf/KIOXIA/SentencePartitioning/resources/text/ner/175844371.txt
ner,lm-lemma,v1,2,f_score,0.631511421961,28.0383,10000,True,current,resources/text//ner/-1392569637.txt,/run/media/wolf/KIOXIA/SentencePartitioning/resources/text/ner/-1392569637.txt
ner,lm-lemma,v2,2,f_score,0.646739874016,28.0383,10000,True,current,resources/text//ner/-1392568951.txt,/run/media/wolf/KIOXIA/SentencePartitioning/resources/text/ner/-1392568951.txt
ner,lm-lemma,v3,2,f_score,0.651787724005,28.0383,10000,True,current,resources/text//ner/-1392568265.txt,/run/media/wolf/KIOXIA/SentencePartitioning/resources/text/ner/-1392568265.txt
ner,lm-lemma,v4,3,f_score,0.656447101519,28.0031,10000,True,current,resources/text//ner/-1392567180.txt,/run/media/wolf/KIOXIA/SentencePartitioning/resources/text/ner/-1392567180.txt
ner,lm-lemma,v5,3,f_score,0.654494388836,28.0031,10000,True,current,resources/text//ner/-1392566494.txt,/run/media/wolf/KIOXIA/SentencePartitioning/resources/text/ner/-1392566494.txt
ner,lm-lemma,v6,3,f_score,0.656964962686,28.0031,10000,True,current,resources/text//ner/-1392565808.txt,/run/media/wolf/KIOXIA/SentencePartitioning/resources/text/ner/-1392565808.txt
ner,lm-lemma,v7,4,f_score,0.651898639226,27.9992,10000,True,current,resources/text//ner/-1392564723.txt,/run/media/wolf/KIOXIA/SentencePartitioning/resources/text/ner/-1392564723.txt
ner,lm-lemma,v8,4,f_score,0.655352591079,27.9992,10000,True,current,resources/text//ner/-1392564037.txt,/run/media/wolf/KIOXIA/SentencePartitioning/resources/text/ner/-1392564037.txt
ner,lm-lemma,v9,4,f_score,0.652893239954,27.9992,10000,True,current,resources/text//ner/-1392563351.txt,/run/media/wolf/KIOXIA/SentencePartitioning/resources/text/ner/-1392563351.txt
ner,lm-lemma,v10,3,f_score,0.645930374244,28.0031,10000,True,current,resources/text//ner/-2079644288.txt,/run/media/wolf/KIOXIA/SentencePartitioning/resources/text/ner/-2079644288.txt
ner,lm-lemma,v11,3,f_score,0.660480324697,28.0031,10000,True,current,resources/text//ner/-1747506257.txt,/run/media/wolf/KIOXIA/SentencePartitioning/resources/text/ner/-1747506257.txt
ner,lm-lemma,v12,3,f_score,0.643569848362,28.0031,10000,True,current,resources/text//ner/1689808136.txt,/run/media/wolf/KIOXIA/SentencePartitioning/resources/text/ner/1689808136.txt
ner,lm-lemma,v13,3,f_score,0.654286535171,28.0031,10000,True,current,resources/text//ner/1363077970.txt,/run/media/wolf/KIOXIA/SentencePartitioning/resources/text/ner/1363077970.txt
ner,lm-lemma,v14,3,f_score,0.645834563578,28.0031,10000,True,current,resources/text//ner/941152357.txt,/run/media/wolf/KIOXIA/SentencePartitioning/resources/text/ner/941152357.txt
ner,lm-lemma,v15,3,f_score,0.645812360986,28.0031,10000,True,current,resources/text//ner/1273290388.txt,/run/media/wolf/KIOXIA/SentencePartitioning/resources/text/ner/1273290388.txt
ner,lm-lemma,v16,3,f_score,0.642653116453,28.0031,10000,True,current,resources/text//ner/415637485.txt,/run/media/wolf/KIOXIA/SentencePartitioning/resources/text/ner/415637485.txt
ner,lm-lemma,v17,3,f_score,0.651666690307,28.0031,10000,True,current,resources/text//ner/88907319.txt,/run/media/wolf/KIOXIA/SentencePartitioning/resources/text/ner/88907319.txt
ner,lm-lemma,v18,3,f_score,0.643738391534,28.0031,10000,True,current,resources/text//ner/2119117743.txt,/run/media/wolf/KIOXIA/SentencePartitioning/resources/text/ner/2119117743.txt
ner,lm-lemma,v19,3,f_score,0.649442590418,28.0031,10000,True,current,resources/text//ner/1261464840.txt,/run/media/wolf/KIOXIA/SentencePartitioning/resources/text/ner/1261464840.txt
ner,lm-lemma,v20,3,f_score,0.63859144247,28.0031,10000,True,current,resources/text//ner/934734674.txt,/run/media/wolf/KIOXIA/SentencePartitioning/resources/text/ner/934734674.txt
ner,lm-lemma,v21,3,f_score,0.652414404749,28.0031,10000,True,current,resources/text//ner/-1782897280.txt,/run/media/wolf/KIOXIA/SentencePartitioning/resources/text/ner/-1782897280.txt
ner,lm-lemma,v22,3,f_score,0.636521590394,28.0031,10000,True,current,resources/text//ner/-1450759249.txt,/run/media/wolf/KIOXIA/SentencePartitioning/resources/text/ner/-1450759249.txt
ner,lm-lemma,v23,3,f_score,0.631716221837,28.0031,10000,True,current,resources/text//ner/1986555144.txt,/run/media/wolf/KIOXIA/SentencePartitioning/resources/text/ner/1986555144.txt
ner,lm-lemma,v24,3,f_score,0.656469688121,28.0031,10000,True,current,resources/text//ner/1659824978.txt,/run/media/wolf/KIOXIA/SentencePartitioning/resources/text/ner/1659824978.txt
ner,lm-lemma,v25,3,f_score,0.647739595622,28.0031,10000,True,current,resources/text//ner/-1189403264.txt,/run/media/wolf/KIOXIA/SentencePartitioning/resources/text/ner/-1189403264.txt
ner,lm-lemma,v26,3,f_score,0.651672003898,28.0031,10000,True,current,resources/text//ner/-857265233.txt,/run/media/wolf/KIOXIA/SentencePartitioning/resources/text/ner/-857265233.txt
ner,lm-lemma,v27,3,f_score,0.649620558827,28.0031,10000,True,current,resources/text//ner/-1714918136.txt,/run/media/wolf/KIOXIA/SentencePartitioning/resources/text/ner/-1714918136.txt
ner,lm-lemma,v28,3,f_score,0.648994039714,28.0031,10000,True,current,resources/text//ner/-2041648302.txt,/run/media/wolf/KIOXIA/SentencePartitioning/resources/text/ner/-2041648302.txt
ner,lm-rank,v1,2,f_score,0.526664107914,32.8172,10000,True,current,resources/text//ner/249431159.txt,/run/media/wolf/KIOXIA/SentencePartitioning/resources/text/ner/249431159.txt
ner,lm-rank,v2,2,f_score,0.493388889287,35.706,10000,True,current,resources/text//ner/249431845.txt,/run/media/wolf/KIOXIA/SentencePartitioning/resources/text/ner/249431845.txt
ner,lm-rank,v3,2,f_score,0.512704939721,35.776,10000,True,current,resources/text//ner/249432531.txt,/run/media/wolf/KIOXIA/SentencePartitioning/resources/text/ner/249432531.txt
ner,lm-rank,v4,3,f_score,0.515935864921,32.8172,10000,True,current,resources/text//ner/249433616.txt,/run/media/wolf/KIOXIA/SentencePartitioning/resources/text/ner/249433616.txt
ner,lm-rank,v5,3,f_score,0.484380090062,36.2086,10000,True,current,resources/text//ner/249434302.txt,/run/media/wolf/KIOXIA/SentencePartitioning/resources/text/ner/249434302.txt
ner,lm-rank,v6,3,f_score,0.512233742633,36.1668,10000,True,current,resources/text//ner/249434988.txt,/run/media/wolf/KIOXIA/SentencePartitioning/resources/text/ner/249434988.txt
ner,lm-rank,v7,4,f_score,0.511715070791,32.8172,10000,True,current,resources/text//ner/249436073.txt,/run/media/wolf/KIOXIA/SentencePartitioning/resources/text/ner/249436073.txt
ner,lm-rank,v8,4,f_score,0.49767680857,36.3562,10000,True,current,resources/text//ner/249436759.txt,/run/media/wolf/KIOXIA/SentencePartitioning/resources/text/ner/249436759.txt
ner,lm-rank,v9,4,f_score,0.509055939065,35.9645,10000,True,current,resources/text//ner/249437445.txt,/run/media/wolf/KIOXIA/SentencePartitioning/resources/text/ner/249437445.txt
ner,lm-rank,v10,3,f_score,0.502652446619,32.8172,10000,True,current,resources/text//ner/-437643492.txt,/run/media/wolf/KIOXIA/SentencePartitioning/resources/text/ner/-437643492.txt
ner,lm-rank,v11,3,f_score,0.509035094014,32.6919,10000,True,current,resources/text//ner/-105505461.txt,/run/media/wolf/KIOXIA/SentencePartitioning/resources/text/ner/-105505461.txt
ner,lm-rank,v12,3,f_score,0.478305759205,32.7287,10000,True,current,resources/text//ner/-963158364.txt,/run/media/wolf/KIOXIA/SentencePartitioning/resources/text/ner/-963158364.txt
ner,lm-rank,v13,3,f_score,0.501478619243,32.7165,10000,True,current,resources/text//ner/-1289888530.txt,/run/media/wolf/KIOXIA/SentencePartitioning/resources/text/ner/-1289888530.txt
ner,lm-rank,v14,3,f_score,0.491423798084,36.2185,10000,True,current,resources/text//ner/-1711814143.txt,/run/media/wolf/KIOXIA/SentencePartitioning/resources/text/ner/-1711814143.txt
ner,lm-rank,v15,3,f_score,0.506898448336,36.1469,10000,True,current,resources/text//ner/-1379676112.txt,/run/media/wolf/KIOXIA/SentencePartitioning/resources/text/ner/-1379676112.txt
ner,lm-rank,v16,3,f_score,0.515853799628,36.1697,10000,True,current,resources/text//ner/2057638281.txt,/run/media/wolf/KIOXIA/SentencePartitioning/resources/text/ner/2057638281.txt
ner,lm-rank,v17,3,f_score,0.491709780631,36.1588,10000,True,current,resources/text//ner/1730908115.txt,/run/media/wolf/KIOXIA/SentencePartitioning/resources/text/ner/1730908115.txt
ner,lm-rank,v18,3,f_score,0.488015491643,36.1872,10000,True,current,resources/text//ner/-533848757.txt,/run/media/wolf/KIOXIA/SentencePartitioning/resources/text/ner/-533848757.txt
ner,lm-rank,v19,3,f_score,0.486724800581,36.1914,10000,True,current,resources/text//ner/-1391501660.txt,/run/media/wolf/KIOXIA/SentencePartitioning/resources/text/ner/-1391501660.txt
ner,lm-rank,v20,3,f_score,0.478385790616,36.1908,10000,True,current,resources/text//ner/-1718231826.txt,/run/media/wolf/KIOXIA/SentencePartitioning/resources/text/ner/-1718231826.txt
ner,lm-rank,v21,3,f_score,0.476779146141,36.1991,10000,True,current,resources/text//ner/-140896484.txt,/run/media/wolf/KIOXIA/SentencePartitioning/resources/text/ner/-140896484.txt
ner,lm-rank,v22,3,f_score,0.488815321129,36.1849,10000,True,current,resources/text//ner/191241547.txt,/run/media/wolf/KIOXIA/SentencePartitioning/resources/text/ner/191241547.txt
ner,lm-rank,v23,3,f_score,0.47768800477,36.1879,10000,True,current,resources/text//ner/-666411356.txt,/run/media/wolf/KIOXIA/SentencePartitioning/resources/text/ner/-666411356.txt
ner,lm-rank,v24,3,f_score,0.482751571787,36.1868,10000,True,current,resources/text//ner/-993141522.txt,/run/media/wolf/KIOXIA/SentencePartitioning/resources/text/ner/-993141522.txt
ner,lm-rank,v25,3,f_score,0.491258707796,36.1825,10000,True,current,resources/text//ner/452597532.txt,/run/media/wolf/KIOXIA/SentencePartitioning/resources/text/ner/452597532.txt
ner,lm-rank,v26,3,f_score,0.498209212856,36.1678,10000,True,current,resources/text//ner/784735563.txt,/run/media/wolf/KIOXIA/SentencePartitioning/resources/text/ner/784735563.txt
ner,lm-rank,v27,3,f_score,0.517694458776,36.1711,10000,True,current,resources/text//ner/-72917340.txt,/run/media/wolf/KIOXIA/SentencePartitioning/resources/text/ner/-72917340.txt
ner,lm-rank,v28,3,f_score,0.502093585395,36.17,10000,True,current,resources/text//ner/-399647506.txt,/run/media/wolf/KIOXIA/SentencePartitioning/resources/text/ner/-399647506.txt
ner,lm-skip,v1,2,f_score,0.664318780156,29.9152,10000,True,current,resources/text//ner/249470410.txt,/run/media/wolf/KIOXIA/SentencePartitioning/resources/text/ner/249470410.txt
ner,lm-skip,v2,2,f_score,0.565077130761,43.264,10000,True,current,resources/text//ner/249471096.txt,/run/media/wolf/KIOXIA/SentencePartitioning/resources/text/ner/249471096.txt
ner,lm-skip,v3,2,f_score,0.524024298217,44.6892,10000,True,current,resources/text//ner/249471782.txt,/run/media/wolf/KIOXIA/SentencePartitioning/resources/text/ner/249471782.txt
ner,lm-skip,v4,3,f_score,0.658626980993,29.9152,10000,True,current,resources/text//ner/249472867.txt,/run/media/wolf/KIOXIA/SentencePartitioning/resources/text/ner/249472867.txt
ner,lm-skip,v5,3,f_score,0.584255376006,43.264,10000,True,current,resources/text//ner/249473553.txt,/run/media/wolf/KIOXIA/SentencePartitioning/resources/text/ner/249473553.txt
ner,lm-skip,v6,3,f_score,0.537100290461,44.6892,10000,True,current,resources/text//ner/249474239.txt,/run/media/wolf/KIOXIA/SentencePartitioning/resources/text/ner/249474239.txt
ner,lm-skip,v7,4,f_score,0.66986246136,29.9152,10000,True,current,resources/text//ner/249475324.txt,/run/media/wolf/KIOXIA/SentencePartitioning/resources/text/ner/249475324.txt
ner,lm-skip,v8,4,f_score,0.573470612969,43.264,10000,True,current,resources/text//ner/249476010.txt,/run/media/wolf/KIOXIA/SentencePartitioning/resources/text/ner/249476010.txt
ner,lm-skip,v9,4,f_score,0.542218730428,44.6892,10000,True,current,resources/text//ner/249476696.txt,/run/media/wolf/KIOXIA/SentencePartitioning/resources/text/ner/249476696.txt
ner,lm-subword,v1,2,f_score,0.591842782176,25.4695,10000,True,current,resources/text//ner/74555517.txt,/run/media/wolf/KIOXIA/SentencePartitioning/resources/text/ner/74555517.txt
ner,lm-subword,v2,2,f_score,0.571039239604,37.176,10000,True,current,resources/text//ner/74556203.txt,/run/media/wolf/KIOXIA/SentencePartitioning/resources/text/ner/74556203.txt
ner,lm-subword,v3,2,f_score,0.520242466144,39.5421,10000,True,current,resources/text//ner/74556889.txt,/run/media/wolf/KIOXIA/SentencePartitioning/resources/text/ner/74556889.txt
ner,lm-subword,v4,3,f_score,0.533782056479,28.5998,10000,True,current,resources/text//ner/74557974.txt,/run/media/wolf/KIOXIA/SentencePartitioning/resources/text/ner/74557974.txt
ner,lm-subword,v5,3,f_score,0.559434754548,37.1812,10000,True,current,resources/text//ner/74558660.txt,/run/media/wolf/KIOXIA/SentencePartitioning/resources/text/ner/74558660.txt
ner,lm-subword,v6,3,f_score,0.557017063095,39.5627,10000,True,current,resources/text//ner/74559346.txt,/run/media/wolf/KIOXIA/SentencePartitioning/resources/text/ner/74559346.txt
ner,lm-subword,v7,4,f_score,0.545935691499,28.5998,10000,True,current,resources/text//ner/74560431.txt,/run/media/wolf/KIOXIA/SentencePartitioning/resources/text/ner/74560431.txt
ner,lm-subword,v8,4,f_score,0.560875006391,37.1323,10000,True,current,resources/text//ner/74561117.txt,/run/media/wolf/KIOXIA/SentencePartitioning/resources/text/ner/74561117.txt
ner,lm-subword,v9,4,f_score,0.532700465551,39.5729,10000,True,current,resources/text//ner/74561803.txt,/run/media/wolf/KIOXIA/SentencePartitioning/resources/text/ner/74561803.txt
ner,lm-subword,v10,3,f_score,0.561357150244,37.1619,10000,True,current,resources/text//ner/113265181.txt,/run/media/wolf/KIOXIA/SentencePartitioning/resources/text/ner/113265181.txt
ner,lm-subword,v11,3,f_score,0.552080256486,37.2024,10000,True,current,resources/text//ner/117382896.txt,/run/media/wolf/KIOXIA/SentencePartitioning/resources/text/ner/117382896.txt
ner,lm-subword,v12,3,f_score,0.571701686345,37.2014,10000,True,current,resources/text//ner/125618326.txt,/run/media/wolf/KIOXIA/SentencePartitioning/resources/text/ner/125618326.txt
ner,lm-syllable,v1,2,f_score,0.675506713064,22.4175,10000,True,current,resources/text//ner/1312390923.txt,/run/media/wolf/KIOXIA/SentencePartitioning/resources/text/ner/1312390923.txt
ner,lm-syllable,v2,2,f_score,0.540800659747,34.6961,10000,True,current,resources/text//ner/1312391609.txt,/run/media/wolf/KIOXIA/SentencePartitioning/resources/text/ner/1312391609.txt
ner,lm-syllable,v3,2,f_score,0.554074479444,38.0475,10000,True,current,resources/text//ner/1312392295.txt,/run/media/wolf/KIOXIA/SentencePartitioning/resources/text/ner/1312392295.txt
ner,lm-syllable,v4,3,f_score,0.679995392641,22.4175,10000,True,current,resources/text//ner/1312393380.txt,/run/media/wolf/KIOXIA/SentencePartitioning/resources/text/ner/1312393380.txt
ner,lm-syllable,v5,3,f_score,0.531074996221,34.7007,10000,True,current,resources/text//ner/1312394066.txt,/run/media/wolf/KIOXIA/SentencePartitioning/resources/text/ner/1312394066.txt
ner,lm-syllable,v6,3,f_score,0.557448721463,38.0554,10000,True,current,resources/text//ner/1312394752.txt,/run/media/wolf/KIOXIA/SentencePartitioning/resources/text/ner/1312394752.txt
ner,lm-syllable,v7,4,f_score,0.682858516552,22.4175,10000,True,current,resources/text//ner/1312395837.txt,/run/media/wolf/KIOXIA/SentencePartitioning/resources/text/ner/1312395837.txt
ner,lm-syllable,v8,4,f_score,0.536667476637,34.7033,10000,True,current,resources/text//ner/1312396523.txt,/run/media/wolf/KIOXIA/SentencePartitioning/resources/text/ner/1312396523.txt
ner,lm-syllable,v9,4,f_score,0.549904938564,38.0582,10000,True,current,resources/text//ner/1312397209.txt,/run/media/wolf/KIOXIA/SentencePartitioning/resources/text/ner/1312397209.txt
ner,lm-word,v1,10,f_score,0.126547199986,20.6655,10000,True,current,resources/text//ner/249640291.txt,/run/media/wolf/KIOXIA/SentencePartitioning/resources/text/ner/249640291.txt
pos,frequent-ngram,v1,2,f_score,0.477612098845,15.084,10000,True,current,resources/text//pos/175838085.txt,/run/media/wolf/KIOXIA/SentencePartitioning/resources/text/pos/175838085.txt
pos,frequent-ngram,v2,2,f_score,0.481695088984,15.084,10000,True,current,resources/text//pos/175838771.txt,/run/media/wolf/KIOXIA/SentencePartitioning/resources/text/pos/175838771.txt
pos,frequent-ngram,v3,2,f_score,0.462311014517,15.084,10000,True,current,resources/text//pos/175839457.txt,/run/media/wolf/KIOXIA/SentencePartitioning/resources/text/pos/175839457.txt
pos,frequent-ngram,v4,3,f_score,0.473342906409,15.084,10000,True,current,resources/text//pos/175840542.txt,/run/media/wolf/KIOXIA/SentencePartitioning/resources/text/pos/175840542.txt
pos,frequent-ngram,v5,3,f_score,0.477751271798,15.084,10000,True,current,resources/text//pos/175841228.txt,/run/media/wolf/KIOXIA/SentencePartitioning/resources/text/pos/175841228.txt
pos,frequent-ngram,v6,3,f_score,0.462524339047,15.084,10000,True,current,resources/text//pos/175841914.txt,/run/media/wolf/KIOXIA/SentencePartitioning/resources/text/pos/175841914.txt
pos,frequent-ngram,v7,4,f_score,0.473224762494,15.084,10000,True,current,resources/text//pos/175842999.txt,/run/media/wolf/KIOXIA/SentencePartitioning/resources/text/pos/175842999.txt
pos,frequent-ngram,v8,4,f_score,0.46045343375,15.084,10000,True,current,resources/text//pos/175843685.txt,/run/media/wolf/KIOXIA/SentencePartitioning/resources/text/pos/175843685.txt
pos,frequent-ngram,v9,4,f_score,0.471494022881,15.084,10000,True,current,resources/text//pos/175844371.txt,/run/media/wolf/KIOXIA/SentencePartitioning/resources/text/pos/175844371.txt
pos,lm-lemma,v1,2,f_score,0.627157704201,20.3928,10000,True,current,resources/text//pos/-1392569637.txt,/run/media/wolf/KIOXIA/SentencePartitioning/resources/text/pos/-1392569637.txt
pos,lm-lemma,v2,2,f_score,0.62796583431,20.3928,10000,True,current,resources/text//pos/-1392568951.txt,/run/media/wolf/KIOXIA/SentencePartitioning/resources/text/pos/-1392568951.txt
pos,lm-lemma,v3,2,f_score,0.634811551875,20.3928,10000,True,current,resources/text//pos/-1392568265.txt,/run/media/wolf/KIOXIA/SentencePartitioning/resources/text/pos/-1392568265.txt
pos,lm-lemma,v4,3,f_score,0.623650448134,20.3724,10000,True,current,resources/text//pos/-1392567180.txt,/run/media/wolf/KIOXIA/SentencePartitioning/resources/text/pos/-1392567180.txt
pos,lm-lemma,v5,3,f_score,0.614352667601,20.3724,10000,True,current,resources/text//pos/-1392566494.txt,/run/media/wolf/KIOXIA/SentencePartitioning/resources/text/pos/-1392566494.txt
pos,lm-lemma,v6,3,f_score,0.61872710465,20.3724,10000,True,current,resources/text//pos/-1392565808.txt,/run/media/wolf/KIOXIA/SentencePartitioning/resources/text/pos/-1392565808.txt
pos,lm-lemma,v7,4,f_score,0.630792918673,20.3707,10000,True,current,resources/text//pos/-1392564723.txt,/run/media/wolf/KIOXIA/SentencePartitioning/resources/text/pos/-1392564723.txt
pos,lm-lemma,v8,4,f_score,0.645612056817,20.3707,10000,True,current,resources/text//pos/-1392564037.txt,/run/media/wolf/KIOXIA/SentencePartitioning/resources/text/pos/-1392564037.txt
pos,lm-lemma,v9,4,f_score,0.616656603597,20.3707,10000,True,current,resources/text//pos/-1392563351.txt,/run/media/wolf/KIOXIA/SentencePartitioning/resources/text/pos/-1392563351.txt
pos,lm-lemma,v10,3,f_score,0.621752456097,20.3724,10000,True,current,resources/text//pos/-2079644288.txt,/run/media/wolf/KIOXIA/SentencePartitioning/resources/text/pos/-2079644288.txt
pos,lm-lemma,v11,3,f_score,0.627610908089,20.3724,10000,True,current,resources/text//pos/-1747506257.txt,/run/media/wolf/KIOXIA/SentencePartitioning/resources/text/pos/-1747506257.txt
pos,lm-lemma,v12,3,f_score,0.62207732245,20.3724,10000,True,current,resources/text//pos/1689808136.txt,/run/media/wolf/KIOXIA/SentencePartitioning/resources/text/pos/1689808136.txt
pos,lm-lemma,v13,3,f_score,0.621366946834,20.3724,10000,True,current,resources/text//pos/1363077970.txt,/run/media/wolf/KIOXIA/SentencePartitioning/resources/text/pos/1363077970.txt
pos,lm-lemma,v14,3,f_score,0.617064423602,20.3724,10000,True,current,resources/text//pos/941152357.txt,/run/media/wolf/KIOXIA/SentencePartitioning/resources/text/pos/941152357.txt
pos,lm-lemma,v15,3,f_score,0.618802637214,20.3724,10000,True,current,resources/text//pos/1273290388.txt,/run/media/wolf/KIOXIA/SentencePartitioning/resources/text/pos/1273290388.txt
pos,lm-lemma,v16,3,f_score,0.634760901784,20.3724,10000,True,current,resources/text//pos/415637485.txt,/run/media/wolf/KIOXIA/SentencePartitioning/resources/text/pos/415637485.txt
pos,lm-lemma,v17,3,f_score,0.635365215101,20.3724,10000,True,current,resources/text//pos/88907319.txt,/run/media/wolf/KIOXIA/SentencePartitioning/resources/text/pos/88907319.txt
pos,lm-lemma,v18,3,f_score,0.614235593855,20.3724,10000,True,current,resources/text//pos/2119117743.txt,/run/media/wolf/KIOXIA/SentencePartitioning/resources/text/pos/2119117743.txt
pos,lm-lemma,v19,3,f_score,0.626998478388,20.3724,10000,True,current,resources/text//pos/1261464840.txt,/run/media/wolf/KIOXIA/SentencePartitioning/resources/text/pos/1261464840.txt
pos,lm-lemma,v20,3,f_score,0.625807333129,20.3724,10000,True,current,resources/text//pos/934734674.txt,/run/media/wolf/KIOXIA/SentencePartitioning/resources/text/pos/934734674.txt
pos,lm-lemma,v21,3,f_score,0.622749591213,20.3724,10000,True,current,resources/text//pos/-1782897280.txt,/run/media/wolf/KIOXIA/SentencePartitioning/resources/text/pos/-1782897280.txt
pos,lm-lemma,v22,3,f_score,0.631395523924,20.3724,10000,True,current,resources/text//pos/-1450759249.txt,/run/media/wolf/KIOXIA/SentencePartitioning/resources/text/pos/-1450759249.txt
pos,lm-lemma,v23,3,f_score,0.630219428366,20.3724,10000,True,current,resources/text//pos/1986555144.txt,/run/media/wolf/KIOXIA/SentencePartitioning/resources/text/pos/1986555144.txt
pos,lm-lemma,v24,3,f_score,0.623449717906,20.3724,10000,True,current,resources/text//pos/1659824978.txt,/run/media/wolf/KIOXIA/SentencePartitioning/resources/text/pos/1659824978.txt
pos,lm-lemma,v25,3,f_score,0.621703352085,20.3724,10000,True,current,resources/text//pos/-1189403264.txt,/run/media/wolf/KIOXIA/SentencePartitioning/resources/text/pos/-1189403264.txt
pos,lm-lemma,v26,3,f_score,0.630274540679,20.3724,10000,True,current,resources/text//pos/-857265233.txt,/run/media/wolf/KIOXIA/SentencePartitioning/resources/text/pos/-857265233.txt
pos,lm-lemma,v27,3,f_score,0.623565057377,20.3724,10000,True,current,resources/text//pos/-1714918136.txt,/run/media/wolf/KIOXIA/SentencePartitioning/resources/text/pos/-1714918136.txt
pos,lm-lemma,v28,3,f_score,0.629393979201,20.3724,10000,True,current,resources/text//pos/-2041648302.txt,/run/media/wolf/KIOXIA/SentencePartitioning/resources/text/pos/-2041648302.txt
pos,lm-rank,v1,2,f_score,0.625917297739,25.2994,10000,True,current,resources/text//pos/249431159.txt,/run/media/wolf/KIOXIA/SentencePartitioning/resources/text/pos/249431159.txt
pos,lm-rank,v2,2,f_score,0.558885953104,28.058,10000,True,current,resources/text//pos/249431845.txt,/run/media/wolf/KIOXIA/SentencePartitioning/resources/text/pos/249431845.txt
pos,lm-rank,v3,2,f_score,0.580311941796,28.1005,10000,True,current,resources/text//pos/249432531.txt,/run/media/wolf/KIOXIA/SentencePartitioning/resources/text/pos/249432531.txt
pos,lm-rank,v4,3,f_score,0.620503946055,25.6399,10000,True,current,resources/text//pos/249433616.txt,/run/media/wolf/KIOXIA/SentencePartitioning/resources/text/pos/249433616.txt
pos,lm-rank,v5,3,f_score,0.576451657846,28.7444,10000,True,current,resources/text//pos/249434302.txt,/run/media/wolf/KIOXIA/SentencePartitioning/resources/text/pos/249434302.txt
pos,lm-rank,v6,3,f_score,0.563856108797,28.7298,10000,True,current,resources/text//pos/249434988.txt,/run/media/wolf/KIOXIA/SentencePartitioning/resources/text/pos/249434988.txt
pos,lm-rank,v7,4,f_score,0.610426200989,25.6399,10000,True,current,resources/text//pos/249436073.txt,/run/media/wolf/KIOXIA/SentencePartitioning/resources/text/pos/249436073.txt
pos,lm-rank,v8,4,f_score,0.58628246785,28.779,10000,True,current,resources/text//pos/249436759.txt,/run/media/wolf/KIOXIA/SentencePartitioning/resources/text/pos/249436759.txt
pos,lm-rank,v9,4,f_score,0.572337337413,28.4137,10000,True,current,resources/text//pos/249437445.txt,/run/media/wolf/KIOXIA/SentencePartitioning/resources/text/pos/249437445.txt
pos,lm-rank,v10,3,f_score,0.549461340394,25.6399,10000,True,current,resources/text//pos/-437643492.txt,/run/media/wolf/KIOXIA/SentencePartitioning/resources/text/pos/-437643492.txt
pos,lm-rank,v11,3,f_score,0.555681385536,25.4903,10000,True,current,resources/text//pos/-105505461.txt,/run/media/wolf/KIOXIA/SentencePartitioning/resources/text/pos/-105505461.txt
pos,lm-rank,v12,3,f_score,0.566907891418,25.5454,10000,True,current,resources/text//pos/-963158364.txt,/run/media/wolf/KIOXIA/SentencePartitioning/resources/text/pos/-963158364.txt
pos,lm-rank,v13,3,f_score,0.537113461547,25.5235,10000,True,current,resources/text//pos/-1289888530.txt,/run/media/wolf/KIOXIA/SentencePartitioning/resources/text/pos/-1289888530.txt
pos,lm-rank,v14,3,f_score,0.57751722434,28.7801,10000,True,current,resources/text//pos/-1711814143.txt,/run/media/wolf/KIOXIA/SentencePartitioning/resources/text/pos/-1711814143.txt
pos,lm-rank,v15,3,f_score,0.585043817592,28.6988,10000,True,current,resources/text//pos/-1379676112.txt,/run/media/wolf/KIOXIA/SentencePartitioning/resources/text/pos/-1379676112.txt
pos,lm-rank,v16,3,f_score,0.591719585683,28.7209,10000,True,current,resources/text//pos/2057638281.txt,/run/media/wolf/KIOXIA/SentencePartitioning/resources/text/pos/2057638281.txt
pos,lm-rank,v17,3,f_score,0.593328278128,28.7244,10000,True,current,resources/text//pos/1730908115.txt,/run/media/wolf/KIOXIA/SentencePartitioning/resources/text/pos/1730908115.txt
pos,lm-rank,v18,3,f_score,0.571600883763,28.7253,10000,True,current,resources/text//pos/-533848757.txt,/run/media/wolf/KIOXIA/SentencePartitioning/resources/text/pos/-533848757.txt
pos,lm-rank,v19,3,f_score,0.59117293645,28.7316,10000,True,current,resources/text//pos/-1391501660.txt,/run/media/wolf/KIOXIA/SentencePartitioning/resources/text/pos/-1391501660.txt
pos,lm-rank,v20,3,f_score,0.578677736953,28.7303,10000,True,current,resources/text//pos/-1718231826.txt,/run/media/wolf/KIOXIA/SentencePartitioning/resources/text/pos/-1718231826.txt
pos,lm-rank,v21,3,f_score,0.577856224532,28.7344,10000,True,current,resources/text//pos/-140896484.txt,/run/media/wolf/KIOXIA/SentencePartitioning/resources/text/pos/-140896484.txt
pos,lm-rank,v22,3,f_score,0.575048127814,28.7265,10000,True,current,resources/text//pos/191241547.txt,/run/media/wolf/KIOXIA/SentencePartitioning/resources/text/pos/191241547.txt
pos,lm-rank,v23,3,f_score,0.581603722074,28.731,10000,True,current,resources/text//pos/-666411356.txt,/run/media/wolf/KIOXIA/SentencePartitioning/resources/text/pos/-666411356.txt
pos,lm-rank,v24,3,f_score,0.572029928566,28.7294,10000,True,current,resources/text//pos/-993141522.txt,/run/media/wolf/KIOXIA/SentencePartitioning/resources/text/pos/-993141522.txt
pos,lm-rank,v25,3,f_score,0.57682581829,28.7199,10000,True,current,resources/text//pos/452597532.txt,/run/media/wolf/KIOXIA/SentencePartitioning/resources/text/pos/452597532.txt
pos,lm-rank,v26,3,f_score,0.585847758363,28.7142,10000,True,current,resources/text//pos/784735563.txt,/run/media/wolf/KIOXIA/SentencePartitioning/resources/text/pos/784735563.txt
pos,lm-rank,v27,3,f_score,0.565806566588,28.7177,10000,True,current,resources/text//pos/-72917340.txt,/run/media/wolf/KIOXIA/SentencePartitioning/resources/text/pos/-72917340.txt
pos,lm-rank,v28,3,f_score,0.570471129418,28.7168,10000,True,current,resources/text//pos/-399647506.txt,/run/media/wolf/KIOXIA/SentencePartitioning/resources/text/pos/-399647506.txt
pos,lm-skip,v1,2,f_score,0.88445807771,21.289,10000,False,legacy-missing-precision-recall,resources/text//pos/249470410.txt,/run/media/wolf/KIOXIA/SentencePartitioning/resources/text/pos/249470410.txt
pos,lm-skip,v2,2,f_score,0.848670756646,31.6908,10000,False,legacy-missing-precision-recall,resources/text//pos/249471096.txt,/run/media/wolf/KIOXIA/SentencePartitioning/resources/text/pos/249471096.txt
pos,lm-skip,v3,2,f_score,0.843251533742,32.9716,10000,False,legacy-missing-precision-recall,resources/text//pos/249471782.txt,/run/media/wolf/KIOXIA/SentencePartitioning/resources/text/pos/249471782.txt
pos,lm-skip,v4,3,f_score,0.882770961145,21.289,10000,False,legacy-missing-precision-recall,resources/text//pos/249472867.txt,/run/media/wolf/KIOXIA/SentencePartitioning/resources/text/pos/249472867.txt
pos,lm-skip,v5,3,f_score,0.852505112474,31.6908,10000,False,legacy-missing-precision-recall,resources/text//pos/249473553.txt,/run/media/wolf/KIOXIA/SentencePartitioning/resources/text/pos/249473553.txt
pos,lm-skip,v6,3,f_score,0.841513292434,32.9716,10000,False,legacy-missing-precision-recall,resources/text//pos/249474239.txt,/run/media/wolf/KIOXIA/SentencePartitioning/resources/text/pos/249474239.txt
pos,lm-skip,v7,4,f_score,0.882770961145,21.289,10000,False,legacy-missing-precision-recall,resources/text//pos/249475324.txt,/run/media/wolf/KIOXIA/SentencePartitioning/resources/text/pos/249475324.txt
pos,lm-skip,v8,4,f_score,0.851226993865,31.6908,10000,False,legacy-missing-precision-recall,resources/text//pos/249476010.txt,/run/media/wolf/KIOXIA/SentencePartitioning/resources/text/pos/249476010.txt
pos,lm-skip,v9,4,f_score,0.842382413088,32.9716,10000,False,legacy-missing-precision-recall,resources/text//pos/249476696.txt,/run/media/wolf/KIOXIA/SentencePartitioning/resources/text/pos/249476696.txt
pos,lm-subword,v1,2,f_score,0.634550831954,15.5501,10000,True,current,resources/text//pos/74555517.txt,/run/media/wolf/KIOXIA/SentencePartitioning/resources/text/pos/74555517.txt
pos,lm-subword,v2,2,f_score,0.576961100226,24.3126,10000,True,current,resources/text//pos/74556203.txt,/run/media/wolf/KIOXIA/SentencePartitioning/resources/text/pos/74556203.txt
pos,lm-subword,v3,2,f_score,0.567348943178,27.1282,10000,True,current,resources/text//pos/74556889.txt,/run/media/wolf/KIOXIA/SentencePartitioning/resources/text/pos/74556889.txt
pos,lm-subword,v4,3,f_score,0.642949544215,15.5501,10000,True,current,resources/text//pos/74557974.txt,/run/media/wolf/KIOXIA/SentencePartitioning/resources/text/pos/74557974.txt
pos,lm-subword,v5,3,f_score,0.601629936465,24.277,10000,True,current,resources/text//pos/74558660.txt,/run/media/wolf/KIOXIA/SentencePartitioning/resources/text/pos/74558660.txt
pos,lm-subword,v6,3,f_score,0.561974289568,27.1573,10000,True,current,resources/text//pos/74559346.txt,/run/media/wolf/KIOXIA/SentencePartitioning/resources/text/pos/74559346.txt
pos,lm-subword,v7,4,f_score,0.629795639636,15.5501,10000,True,current,resources/text//pos/74560431.txt,/run/media/wolf/KIOXIA/SentencePartitioning/resources/text/pos/74560431.txt
pos,lm-subword,v8,4,f_score,0.599811409733,24.2995,10000,True,current,resources/text//pos/74561117.txt,/run/media/wolf/KIOXIA/SentencePartitioning/resources/text/pos/74561117.txt
pos,lm-subword,v9,4,f_score,0.574424966335,27.1374,10000,True,current,resources/text//pos/74561803.txt,/run/media/wolf/KIOXIA/SentencePartitioning/resources/text/pos/74561803.txt
pos,lm-subword,v10,3,f_score,0.581259919728,24.2518,10000,True,current,resources/text//pos/113265181.txt,/run/media/wolf/KIOXIA/SentencePartitioning/resources/text/pos/113265181.txt
pos,lm-subword,v11,3,f_score,0.591098404551,24.2755,10000,True,current,resources/text//pos/117382896.txt,/run/media/wolf/KIOXIA/SentencePartitioning/resources/text/pos/117382896.txt
pos,lm-subword,v12,3,f_score,0.578881091135,24.2674,10000,True,current,resources/text//pos/125618326.txt,/run/media/wolf/KIOXIA/SentencePartitioning/resources/text/pos/125618326.txt
pos,lm-syllable,v1,2,f_score,0.633459738006,16.2277,10000,True,current,resources/text//pos/1312390923.txt,/run/media/wolf/KIOXIA/SentencePartitioning/resources/text/pos/1312390923.txt
pos,lm-syllable,v2,2,f_score,0.572479555443,25.5048,10000,True,current,resources/text//pos/1312391609.txt,/run/media/wolf/KIOXIA/SentencePartitioning/resources/text/pos/1312391609.txt
pos,lm-syllable,v3,2,f_score,0.586891632977,27.796,10000,True,current,resources/text//pos/1312392295.txt,/run/media/wolf/KIOXIA/SentencePartitioning/resources/text/pos/1312392295.txt
pos,lm-syllable,v4,3,f_score,0.62937028846,16.2277,10000,True,current,resources/text//pos/1312393380.txt,/run/media/wolf/KIOXIA/SentencePartitioning/resources/text/pos/1312393380.txt
pos,lm-syllable,v5,3,f_score,0.566345761661,25.5045,10000,True,current,resources/text//pos/1312394066.txt,/run/media/wolf/KIOXIA/SentencePartitioning/resources/text/pos/1312394066.txt
pos,lm-syllable,v6,3,f_score,0.568616410635,27.8034,10000,True,current,resources/text//pos/1312394752.txt,/run/media/wolf/KIOXIA/SentencePartitioning/resources/text/pos/1312394752.txt
pos,lm-syllable,v7,4,f_score,0.627398147069,16.2277,10000,True,current,resources/text//pos/1312395837.txt,/run/media/wolf/KIOXIA/SentencePartitioning/resources/text/pos/1312395837.txt
pos,lm-syllable,v8,4,f_score,0.581800533772,25.5059,10000,True,current,resources/text//pos/1312396523.txt,/run/media/wolf/KIOXIA/SentencePartitioning/resources/text/pos/1312396523.txt
pos,lm-syllable,v9,4,f_score,0.569290170201,27.8014,10000,True,current,resources/text//pos/1312397209.txt,/run/media/wolf/KIOXIA/SentencePartitioning/resources/text/pos/1312397209.txt
pos,lm-word,v1,10,f_score,0.0267056918454,17.7807,10000,True,current,resources/text//pos/249640291.txt,/run/media/wolf/KIOXIA/SentencePartitioning/resources/text/pos/249640291.txt
sentiment,frequent-ngram,v1,2,f_score,0.580097110472,14.5412,10000,True,current,resources/text//sentiment/175838085.txt,/run/media/wolf/KIOXIA/SentencePartitioning/resources/text/sentiment/175838085.txt
sentiment,frequent-ngram,v2,2,f_score,0.553256377102,14.5412,10000,True,current,resources/text//sentiment/175838771.txt,/run/media/wolf/KIOXIA/SentencePartitioning/resources/text/sentiment/175838771.txt
sentiment,frequent-ngram,v3,2,f_score,0.585580306176,14.5412,10000,True,current,resources/text//sentiment/175839457.txt,/run/media/wolf/KIOXIA/SentencePartitioning/resources/text/sentiment/175839457.txt
sentiment,frequent-ngram,v4,3,f_score,0.56236040483,14.5412,10000,True,current,resources/text//sentiment/175840542.txt,/run/media/wolf/KIOXIA/SentencePartitioning/resources/text/sentiment/175840542.txt
sentiment,frequent-ngram,v5,3,f_score,0.561975713819,14.5412,10000,True,current,resources/text//sentiment/175841228.txt,/run/media/wolf/KIOXIA/SentencePartitioning/resources/text/sentiment/175841228.txt
sentiment,frequent-ngram,v6,3,f_score,0.556610683576,14.5412,10000,True,current,resources/text//sentiment/175841914.txt,/run/media/wolf/KIOXIA/SentencePartitioning/resources/text/sentiment/175841914.txt
sentiment,frequent-ngram,v7,4,f_score,0.551513386684,14.5412,10000,True,current,resources/text//sentiment/175842999.txt,/run/media/wolf/KIOXIA/SentencePartitioning/resources/text/sentiment/175842999.txt
sentiment,frequent-ngram,v8,4,f_score,0.574342767092,14.5412,10000,True,current,resources/text//sentiment/175843685.txt,/run/media/wolf/KIOXIA/SentencePartitioning/resources/text/sentiment/175843685.txt
sentiment,frequent-ngram,v9,4,f_score,0.567692387441,14.5412,10000,True,current,resources/text//sentiment/175844371.txt,/run/media/wolf/KIOXIA/SentencePartitioning/resources/text/sentiment/175844371.txt
sentiment,lm-lemma,v1,2,f_score,0.637385306517,19.5278,10000,True,current,resources/text//sentiment/-1392569637.txt,/run/media/wolf/KIOXIA/SentencePartitioning/resources/text/sentiment/-1392569637.txt
sentiment,lm-lemma,v2,2,f_score,0.625718199097,19.5278,10000,True,current,resources/text//sentiment/-1392568951.txt,/run/media/wolf/KIOXIA/SentencePartitioning/resources/text/sentiment/-1392568951.txt
sentiment,lm-lemma,v3,2,f_score,0.606431380369,19.5278,10000,True,current,resources/text//sentiment/-1392568265.txt,/run/media/wolf/KIOXIA/SentencePartitioning/resources/text/sentiment/-1392568265.txt
sentiment,lm-lemma,v4,3,f_score,0.628651520827,19.5073,10000,True,current,resources/text//sentiment/-1392567180.txt,/run/media/wolf/KIOXIA/SentencePartitioning/resources/text/sentiment/-1392567180.txt
sentiment,lm-lemma,v5,3,f_score,0.633383929625,19.5073,10000,True,current,resources/text//sentiment/-1392566494.txt,/run/media/wolf/KIOXIA/SentencePartitioning/resources/text/sentiment/-1392566494.txt
sentiment,lm-lemma,v6,3,f_score,0.62019261333,19.5073,10000,True,current,resources/text//sentiment/-1392565808.txt,/run/media/wolf/KIOXIA/SentencePartitioning/resources/text/sentiment/-1392565808.txt
sentiment,lm-lemma,v7,4,f_score,0.633145275317,19.5041,10000,True,current,resources/text//sentiment/-1392564723.txt,/run/media/wolf/KIOXIA/SentencePartitioning/resources/text/sentiment/-1392564723.txt
sentiment,lm-lemma,v8,4,f_score,0.617644425991,19.5041,10000,True,current,resources/text//sentiment/-1392564037.txt,/run/media/wolf/KIOXIA/SentencePartitioning/resources/text/sentiment/-1392564037.txt
sentiment,lm-lemma,v9,4,f_score,0.615423425365,19.5041,10000,True,current,resources/text//sentiment/-1392563351.txt,/run/media/wolf/KIOXIA/SentencePartitioning/resources/text/sentiment/-1392563351.txt
sentiment,lm-lemma,v10,3,f_score,0.629874795504,19.5073,10000,True,current,resources/text//sentiment/-2079644288.txt,/run/media/wolf/KIOXIA/SentencePartitioning/resources/text/sentiment/-2079644288.txt
sentiment,lm-lemma,v11,3,f_score,0.635650582801,19.5073,10000,True,current,resources/text//sentiment/-1747506257.txt,/run/media/wolf/KIOXIA/SentencePartitioning/resources/text/sentiment/-1747506257.txt
sentiment,lm-lemma,v12,3,f_score,0.646935347752,19.5073,10000,True,current,resources/text//sentiment/1689808136.txt,/run/media/wolf/KIOXIA/SentencePartitioning/resources/text/sentiment/1689808136.txt
sentiment,lm-lemma,v13,3,f_score,0.622813492628,19.5073,10000,True,current,resources/text//sentiment/1363077970.txt,/run/media/wolf/KIOXIA/SentencePartitioning/resources/text/sentiment/1363077970.txt
sentiment,lm-lemma,v14,3,f_score,0.611386018133,19.5073,10000,True,current,resources/text//sentiment/941152357.txt,/run/media/wolf/KIOXIA/SentencePartitioning/resources/text/sentiment/941152357.txt
sentiment,lm-lemma,v15,3,f_score,0.626651362746,19.5073,10000,True,current,resources/text//sentiment/1273290388.txt,/run/media/wolf/KIOXIA/SentencePartitioning/resources/text/sentiment/1273290388.txt
sentiment,lm-lemma,v16,3,f_score,0.625406491221,19.5073,10000,True,current,resources/text//sentiment/415637485.txt,/run/media/wolf/KIOXIA/SentencePartitioning/resources/text/sentiment/415637485.txt
sentiment,lm-lemma,v17,3,f_score,0.634552518197,19.5073,10000,True,current,resources/text//sentiment/88907319.txt,/run/media/wolf/KIOXIA/SentencePartitioning/resources/text/sentiment/88907319.txt
sentiment,lm-lemma,v18,3,f_score,0.62695831233,19.5073,10000,True,current,resources/text//sentiment/2119117743.txt,/run/media/wolf/KIOXIA/SentencePartitioning/resources/text/sentiment/2119117743.txt
sentiment,lm-lemma,v19,3,f_score,0.633719918882,19.5073,10000,True,current,resources/text//sentiment/1261464840.txt,/run/media/wolf/KIOXIA/SentencePartitioning/resources/text/sentiment/1261464840.txt
sentiment,lm-lemma,v20,3,f_score,0.620895203222,19.5073,10000,True,current,resources/text//sentiment/934734674.txt,/run/media/wolf/KIOXIA/SentencePartitioning/resources/text/sentiment/934734674.txt
sentiment,lm-lemma,v21,3,f_score,0.635190656986,19.5073,10000,True,current,resources/text//sentiment/-1782897280.txt,/run/media/wolf/KIOXIA/SentencePartitioning/resources/text/sentiment/-1782897280.txt
sentiment,lm-lemma,v22,3,f_score,0.627702420218,19.5073,10000,True,current,resources/text//sentiment/-1450759249.txt,/run/media/wolf/KIOXIA/SentencePartitioning/resources/text/sentiment/-1450759249.txt
sentiment,lm-lemma,v23,3,f_score,0.626573965891,19.5073,10000,True,current,resources/text//sentiment/1986555144.txt,/run/media/wolf/KIOXIA/SentencePartitioning/resources/text/sentiment/1986555144.txt
sentiment,lm-lemma,v24,3,f_score,0.619633225643,19.5073,10000,True,current,resources/text//sentiment/1659824978.txt,/run/media/wolf/KIOXIA/SentencePartitioning/resources/text/sentiment/1659824978.txt
sentiment,lm-lemma,v25,3,f_score,0.615608303412,19.5073,10000,True,current,resources/text//sentiment/-1189403264.txt,/run/media/wolf/KIOXIA/SentencePartitioning/resources/text/sentiment/-1189403264.txt
sentiment,lm-lemma,v26,3,f_score,0.636216511928,19.5073,10000,True,current,resources/text//sentiment/-857265233.txt,/run/media/wolf/KIOXIA/SentencePartitioning/resources/text/sentiment/-857265233.txt
sentiment,lm-lemma,v27,3,f_score,0.638457789749,19.5073,10000,True,current,resources/text//sentiment/-1714918136.txt,/run/media/wolf/KIOXIA/SentencePartitioning/resources/text/sentiment/-1714918136.txt
sentiment,lm-lemma,v28,3,f_score,0.624693089943,19.5073,10000,True,current,resources/text//sentiment/-2041648302.txt,/run/media/wolf/KIOXIA/SentencePartitioning/resources/text/sentiment/-2041648302.txt
sentiment,lm-rank,v1,2,f_score,0.610352061187,24.3073,10000,True,current,resources/text//sentiment/249431159.txt,/run/media/wolf/KIOXIA/SentencePartitioning/resources/text/sentiment/249431159.txt
sentiment,lm-rank,v2,2,f_score,0.603944106895,27.1429,10000,True,current,resources/text//sentiment/249431845.txt,/run/media/wolf/KIOXIA/SentencePartitioning/resources/text/sentiment/249431845.txt
sentiment,lm-rank,v3,2,f_score,0.607960084047,27.1431,10000,True,current,resources/text//sentiment/249432531.txt,/run/media/wolf/KIOXIA/SentencePartitioning/resources/text/sentiment/249432531.txt
sentiment,lm-rank,v4,3,f_score,0.609934708699,24.661,10000,True,current,resources/text//sentiment/249433616.txt,/run/media/wolf/KIOXIA/SentencePartitioning/resources/text/sentiment/249433616.txt
sentiment,lm-rank,v5,3,f_score,0.59276397302,27.545,10000,True,current,resources/text//sentiment/249434302.txt,/run/media/wolf/KIOXIA/SentencePartitioning/resources/text/sentiment/249434302.txt
sentiment,lm-rank,v6,3,f_score,0.599763401716,27.506,10000,True,current,resources/text//sentiment/249434988.txt,/run/media/wolf/KIOXIA/SentencePartitioning/resources/text/sentiment/249434988.txt
sentiment,lm-rank,v7,4,f_score,0.625708420321,24.661,10000,True,current,resources/text//sentiment/249436073.txt,/run/media/wolf/KIOXIA/SentencePartitioning/resources/text/sentiment/249436073.txt
sentiment,lm-rank,v8,4,f_score,0.614065843382,27.5586,10000,True,current,resources/text//sentiment/249436759.txt,/run/media/wolf/KIOXIA/SentencePartitioning/resources/text/sentiment/249436759.txt
sentiment,lm-rank,v9,4,f_score,0.615280429532,27.2403,10000,True,current,resources/text//sentiment/249437445.txt,/run/media/wolf/KIOXIA/SentencePartitioning/resources/text/sentiment/249437445.txt
sentiment,lm-rank,v10,3,f_score,0.608788307947,24.661,10000,True,current,resources/text//sentiment/-437643492.txt,/run/media/wolf/KIOXIA/SentencePartitioning/resources/text/sentiment/-437643492.txt
sentiment,lm-rank,v11,3,f_score,0.603412065133,24.5171,10000,True,current,resources/text//sentiment/-105505461.txt,/run/media/wolf/KIOXIA/SentencePartitioning/resources/text/sentiment/-105505461.txt
sentiment,lm-rank,v12,3,f_score,0.618265192083,24.5662,10000,True,current,resources/text//sentiment/-963158364.txt,/run/media/wolf/KIOXIA/SentencePartitioning/resources/text/sentiment/-963158364.txt
sentiment,lm-rank,v13,3,f_score,0.614529011176,24.5463,10000,True,current,resources/text//sentiment/-1289888530.txt,/run/media/wolf/KIOXIA/SentencePartitioning/resources/text/sentiment/-1289888530.txt
sentiment,lm-rank,v14,3,f_score,0.612632305372,27.5702,10000,True,current,resources/text//sentiment/-1711814143.txt,/run/media/wolf/KIOXIA/SentencePartitioning/resources/text/sentiment/-1711814143.txt
sentiment,lm-rank,v15,3,f_score,0.612582185545,27.5065,10000,True,current,resources/text//sentiment/-1379676112.txt,/run/media/wolf/KIOXIA/SentencePartitioning/resources/text/sentiment/-1379676112.txt
sentiment,lm-rank,v16,3,f_score,0.613279519709,27.5217,10000,True,current,resources/text//sentiment/2057638281.txt,/run/media/wolf/KIOXIA/SentencePartitioning/resources/text/sentiment/2057638281.txt
sentiment,lm-rank,v17,3,f_score,0.625213235156,27.5176,10000,True,current,resources/text//sentiment/1730908115.txt,/run/media/wolf/KIOXIA/SentencePartitioning/resources/text/sentiment/1730908115.txt
sentiment,lm-rank,v18,3,f_score,0.612741733422,27.5271,10000,True,current,resources/text//sentiment/-533848757.txt,/run/media/wolf/KIOXIA/SentencePartitioning/resources/text/sentiment/-533848757.txt
sentiment,lm-rank,v19,3,f_score,0.617744506744,27.5327,10000,True,current,resources/text//sentiment/-1391501660.txt,/run/media/wolf/KIOXIA/SentencePartitioning/resources/text/sentiment/-1391501660.txt
sentiment,lm-rank,v20,3,f_score,0.614957971284,27.5295,10000,True,current,resources/text//sentiment/-1718231826.txt,/run/media/wolf/KIOXIA/SentencePartitioning/resources/text/sentiment/-1718231826.txt
sentiment,lm-rank,v21,3,f_score,0.605059116763,27.5278,10000,True,current,resources/text//sentiment/-140896484.txt,/run/media/wolf/KIOXIA/SentencePartitioning/resources/text/sentiment/-140896484.txt
sentiment,lm-rank,v22,3,f_score,0.577308929268,27.5203,10000,True,current,resources/text//sentiment/191241547.txt,/run/media/wolf/KIOXIA/SentencePartitioning/resources/text/sentiment/191241547.txt
sentiment,lm-rank,v23,3,f_score,0.612739052484,27.5229,10000,True,current,resources/text//sentiment/-666411356.txt,/run/media/wolf/KIOXIA/SentencePartitioning/resources/text/sentiment/-666411356.txt
sentiment,lm-rank,v24,3,f_score,0.626831153398,27.5226,10000,True,current,resources/text//sentiment/-993141522.txt,/run/media/wolf/KIOXIA/SentencePartitioning/resources/text/sentiment/-993141522.txt
sentiment,lm-rank,v25,3,f_score,0.605226226708,27.5187,10000,True,current,resources/text//sentiment/452597532.txt,/run/media/wolf/KIOXIA/SentencePartitioning/resources/text/sentiment/452597532.txt
sentiment,lm-rank,v26,3,f_score,0.599041836781,27.5144,10000,True,current,resources/text//sentiment/784735563.txt,/run/media/wolf/KIOXIA/SentencePartitioning/resources/text/sentiment/784735563.txt
sentiment,lm-rank,v27,3,f_score,0.621682751956,27.5162,10000,True,current,resources/text//sentiment/-72917340.txt,/run/media/wolf/KIOXIA/SentencePartitioning/resources/text/sentiment/-72917340.txt
sentiment,lm-rank,v28,3,f_score,0.60773035345,27.5154,10000,True,current,resources/text//sentiment/-399647506.txt,/run/media/wolf/KIOXIA/SentencePartitioning/resources/text/sentiment/-399647506.txt
sentiment,lm-skip,v1,2,f_score,0.664705983605,20.4533,10000,True,current,resources/text//sentiment/249470410.txt,/run/media/wolf/KIOXIA/SentencePartitioning/resources/text/sentiment/249470410.txt
sentiment,lm-skip,v2,2,f_score,0.611256633477,30.3949,10000,True,current,resources/text//sentiment/249471096.txt,/run/media/wolf/KIOXIA/SentencePartitioning/resources/text/sentiment/249471096.txt
sentiment,lm-skip,v3,2,f_score,0.600008156197,31.6262,10000,True,current,resources/text//sentiment/249471782.txt,/run/media/wolf/KIOXIA/SentencePartitioning/resources/text/sentiment/249471782.txt
sentiment,lm-skip,v4,3,f_score,0.678592423233,20.4533,10000,True,current,resources/text//sentiment/249472867.txt,/run/media/wolf/KIOXIA/SentencePartitioning/resources/text/sentiment/249472867.txt
sentiment,lm-skip,v5,3,f_score,0.622700533417,30.3949,10000,True,current,resources/text//sentiment/249473553.txt,/run/media/wolf/KIOXIA/SentencePartitioning/resources/text/sentiment/249473553.txt
sentiment,lm-skip,v6,3,f_score,0.617792726285,31.6262,10000,True,current,resources/text//sentiment/249474239.txt,/run/media/wolf/KIOXIA/SentencePartitioning/resources/text/sentiment/249474239.txt
sentiment,lm-skip,v7,4,f_score,0.648282533142,20.4533,10000,True,current,resources/text//sentiment/249475324.txt,/run/media/wolf/KIOXIA/SentencePartitioning/resources/text/sentiment/249475324.txt
sentiment,lm-skip,v8,4,f_score,0.620892942658,30.3949,10000,True,current,resources/text//sentiment/249476010.txt,/run/media/wolf/KIOXIA/SentencePartitioning/resources/text/sentiment/249476010.txt
sentiment,lm-skip,v9,4,f_score,0.621867725135,31.6262,10000,True,current,resources/text//sentiment/249476696.txt,/run/media/wolf/KIOXIA/SentencePartitioning/resources/text/sentiment/249476696.txt
sentiment,lm-subword,v1,2,f_score,0.653931554071,15.2373,10000,True,current,resources/text//sentiment/74555517.txt,/run/media/wolf/KIOXIA/SentencePartitioning/resources/text/sentiment/74555517.txt
sentiment,lm-subword,v2,2,f_score,0.622010550773,23.4845,10000,True,current,resources/text//sentiment/74556203.txt,/run/media/wolf/KIOXIA/SentencePartitioning/resources/text/sentiment/74556203.txt
sentiment,lm-subword,v3,2,f_score,0.599383333833,26.2134,10000,True,current,resources/text//sentiment/74556889.txt,/run/media/wolf/KIOXIA/SentencePartitioning/resources/text/sentiment/74556889.txt
sentiment,lm-subword,v4,3,f_score,0.66966549801,15.2373,10000,True,current,resources/text//sentiment/74557974.txt,/run/media/wolf/KIOXIA/SentencePartitioning/resources/text/sentiment/74557974.txt
sentiment,lm-subword,v5,3,f_score,0.606105103481,23.4885,10000,True,current,resources/text//sentiment/74558660.txt,/run/media/wolf/KIOXIA/SentencePartitioning/resources/text/sentiment/74558660.txt
sentiment,lm-subword,v6,3,f_score,0.609024319516,26.1865,10000,True,current,resources/text//sentiment/74559346.txt,/run/media/wolf/KIOXIA/SentencePartitioning/resources/text/sentiment/74559346.txt
sentiment,lm-subword,v7,4,f_score,0.661129988307,15.2373,10000,True,current,resources/text//sentiment/74560431.txt,/run/media/wolf/KIOXIA/SentencePartitioning/resources/text/sentiment/74560431.txt
sentiment,lm-subword,v8,4,f_score,0.619041698271,23.4424,10000,True,current,resources/text//sentiment/74561117.txt,/run/media/wolf/KIOXIA/SentencePartitioning/resources/text/sentiment/74561117.txt
sentiment,lm-subword,v9,4,f_score,0.612282873673,26.2279,10000,True,current,resources/text//sentiment/74561803.txt,/run/media/wolf/KIOXIA/SentencePartitioning/resources/text/sentiment/74561803.txt
sentiment,lm-subword,v10,3,f_score,0.6260425494,23.4579,10000,True,current,resources/text//sentiment/113265181.txt,/run/media/wolf/KIOXIA/SentencePartitioning/resources/text/sentiment/113265181.txt
sentiment,lm-subword,v11,3,f_score,0.610326833291,23.4922,10000,True,current,resources/text//sentiment/117382896.txt,/run/media/wolf/KIOXIA/SentencePartitioning/resources/text/sentiment/117382896.txt
sentiment,lm-subword,v12,3,f_score,0.609594475871,23.4753,10000,True,current,resources/text//sentiment/125618326.txt,/run/media/wolf/KIOXIA/SentencePartitioning/resources/text/sentiment/125618326.txt
sentiment,lm-syllable,v1,2,f_score,0.661312291717,15.6337,10000,True,current,resources/text//sentiment/1312390923.txt,/run/media/wolf/KIOXIA/SentencePartitioning/resources/text/sentiment/1312390923.txt
sentiment,lm-syllable,v2,2,f_score,0.635141939267,24.4621,10000,True,current,resources/text//sentiment/1312391609.txt,/run/media/wolf/KIOXIA/SentencePartitioning/resources/text/sentiment/1312391609.txt
sentiment,lm-syllable,v3,2,f_score,0.604264684799,26.6415,10000,True,current,resources/text//sentiment/1312392295.txt,/run/media/wolf/KIOXIA/SentencePartitioning/resources/text/sentiment/1312392295.txt
sentiment,lm-syllable,v4,3,f_score,0.644223505122,15.6337,10000,True,current,resources/text//sentiment/1312393380.txt,/run/media/wolf/KIOXIA/SentencePartitioning/resources/text/sentiment/1312393380.txt
sentiment,lm-syllable,v5,3,f_score,0.613722942285,24.4627,10000,True,current,resources/text//sentiment/1312394066.txt,/run/media/wolf/KIOXIA/SentencePartitioning/resources/text/sentiment/1312394066.txt
sentiment,lm-syllable,v6,3,f_score,0.616150653965,26.6416,10000,True,current,resources/text//sentiment/1312394752.txt,/run/media/wolf/KIOXIA/SentencePartitioning/resources/text/sentiment/1312394752.txt
sentiment,lm-syllable,v7,4,f_score,0.656829646377,15.6337,10000,True,current,resources/text//sentiment/1312395837.txt,/run/media/wolf/KIOXIA/SentencePartitioning/resources/text/sentiment/1312395837.txt
sentiment,lm-syllable,v8,4,f_score,0.62006571957,24.4635,10000,True,current,resources/text//sentiment/1312396523.txt,/run/media/wolf/KIOXIA/SentencePartitioning/resources/text/sentiment/1312396523.txt
sentiment,lm-syllable,v9,4,f_score,0.612591919976,26.6424,10000,True,current,resources/text//sentiment/1312397209.txt,/run/media/wolf/KIOXIA/SentencePartitioning/resources/text/sentiment/1312397209.txt
sentiment,lm-word,v1,10,f_score,0.651535472969,16.992,10000,True,current,resources/text//sentiment/249640291.txt,/run/media/wolf/KIOXIA/SentencePartitioning/resources/text/sentiment/249640291.txt
