task,method,metric,parameter,levels,observations,effect_range,relative_effect,best_level,best_level_mean
analogy,frequent-ngram,accuracy,lm_window_length,3,9,0.000310499665616,0.216666666667,3,0.0170535970192
analogy,frequent-ngram,accuracy,lm_slide_length,3,9,0.000310499665616,0.216666666667,3,0.0170535970192
analogy,frequent-ngram,accuracy,lm_top_split,3,9,0.000859845227859,0.6,1,0.0172446737365
analogy,frequent-ngram,accuracy,lm_skip,3,9,0.000310499665616,0.216666666667,3,0.0170535970192
analogy,lm-lemma,accuracy,lm_window_length,3,28,0.0012246280518,0.44976076555,3,0.0314625185648
analogy,lm-lemma,accuracy,lm_slide_length,3,28,0.0012246280518,0.44976076555,3,0.0314625185648
analogy,lm-lemma,accuracy,lm_top_split,3,28,0.000793619774703,0.291467304625,3,0.0314136637223
analogy,lm-lemma,accuracy,lm_skip,3,28,0.0012246280518,0.44976076555,3,0.0314625185648
analogy,lm-lemma,accuracy,lm_likelihood_weight,5,28,0.000979268176173,0.359649122807,0.0,0.031760533104
analogy,lm-lemma,accuracy,lm_prior_weight,5,28,0.000979268176173,0.359649122807,1.0,0.031760533104
analogy,lm-lemma,accuracy,lm_length_penalty,4,28,0.000856538130829,0.314574898785,inverse_log_parts,0.031728288908
analogy,lm-rank,accuracy,lm_window_length,3,28,0.000333298592112,0.193813131313,2,0.000883729817522
analogy,lm-rank,accuracy,lm_slide_length,3,28,0.000333298592112,0.193813131313,2,0.000883729817522
analogy,lm-rank,accuracy,lm_top_split,3,28,0.0012181140728,0.708333333333,5,0.00138530620044
analogy,lm-rank,accuracy,lm_skip,3,28,0.000333298592112,0.193813131313,2,0.000883729817522
analogy,lm-rank,accuracy,lm_likelihood_weight,5,28,0.000394095729435,0.229166666667,0.5,0.000770278016624
analogy,lm-rank,accuracy,lm_prior_weight,5,28,0.000394095729435,0.229166666667,0.5,0.000770278016624
analogy,lm-rank,accuracy,lm_length_penalty,4,28,0.000137795709593,0.0801282051282,none,0.000639372092511
analogy,lm-skip,accuracy,lm_window_length,3,9,0.000382153434604,0.0185185185185,4,0.012396102035
analogy,lm-skip,accuracy,lm_slide_length,3,9,0.000382153434604,0.0185185185185,4,0.012396102035
analogy,lm-skip,accuracy,lm_top_split,3,9,0.0203019012133,0.983796296296,3,0.020469093341
analogy,lm-skip,accuracy,lm_skip,3,9,0.000382153434604,0.0185185185185,4,0.012396102035
analogy,lm-subword,accuracy,lm_window_length,3,12,0.00685487723321,0.182569974555,3,0.0285659692366
analogy,lm-subword,accuracy,lm_slide_length,3,12,0.00685487723321,0.182569974555,3,0.0285659692366
analogy,lm-subword,accuracy,lm_top_split,3,12,0.0355760963027,0.947519083969,3,0.0358149421993
analogy,lm-subword,accuracy,lm_skip,3,12,0.00685487723321,0.182569974555,3,0.0285659692366
analogy,lm-syllable,accuracy,lm_window_length,3,9,2.38845896627e-05,0.0114942528736,3,0.000979268176173
analogy,lm-syllable,accuracy,lm_slide_length,3,9,2.38845896627e-05,0.0114942528736,3,0.000979268176173
analogy,lm-syllable,accuracy,lm_top_split,3,9,0.00198242094201,0.954022988506,5,0.00200630553167
analogy,lm-syllable,accuracy,lm_skip,3,9,2.38845896627e-05,0.0114942528736,3,0.000979268176173
morphology,frequent-ngram,accuracy,lm_window_length,3,9,0,0,2,0.27106
morphology,frequent-ngram,accuracy,lm_slide_length,3,9,0,0,2,0.27106
morphology,frequent-ngram,accuracy,lm_top_split,3,9,0,0,1,0.27106
morphology,frequent-ngram,accuracy,lm_skip,3,9,0,0,2,0.27106
morphology,frequent-ngram,f_score,lm_window_length,3,9,0,0,2,0.345762
morphology,frequent-ngram,f_score,lm_slide_length,3,9,0,0,2,0.345762
morphology,frequent-ngram,f_score,lm_top_split,3,9,0,0,1,0.345762
morphology,frequent-ngram,f_score,lm_skip,3,9,0,0,2,0.345762
morphology,lm-lemma,accuracy,lm_window_length,3,28,0,0,2,0.428374
morphology,lm-lemma,accuracy,lm_slide_length,3,28,0,0,2,0.428374
morphology,lm-lemma,accuracy,lm_top_split,3,28,0,0,1,0.428374
morphology,lm-lemma,accuracy,lm_skip,3,28,0,0,2,0.428374
morphology,lm-lemma,accuracy,lm_likelihood_weight,5,28,0,0,0.15,0.428374
morphology,lm-lemma,accuracy,lm_prior_weight,5,28,0,0,0.85,0.428374
morphology,lm-lemma,accuracy,lm_length_penalty,4,28,5.55111512313e-17,0,inverse_parts,0.428374
morphology,lm-lemma,f_score,lm_window_length,3,28,5.55111512313e-17,0,3,0.475877
morphology,lm-lemma,f_score,lm_slide_length,3,28,5.55111512313e-17,0,3,0.475877
morphology,lm-lemma,f_score,lm_top_split,3,28,5.55111512313e-17,0,3,0.475877
morphology,lm-lemma,f_score,lm_skip,3,28,5.55111512313e-17,0,3,0.475877
morphology,lm-lemma,f_score,lm_likelihood_weight,5,28,5.55111512313e-17,0,0.0,0.475877
morphology,lm-lemma,f_score,lm_prior_weight,5,28,5.55111512313e-17,0,1.0,0.475877
morphology,lm-lemma,f_score,lm_length_penalty,4,28,0,0,none,0.475877
morphology,lm-rank,accuracy,lm_window_length,3,28,0.0460496666667,0.331018701554,2,0.478422333333
morphology,lm-rank,accuracy,lm_slide_length,3,28,0.0460496666667,0.331018701554,2,0.478422333333
morphology,lm-rank,accuracy,lm_top_split,3,28,0.0891123333333,0.640565958619,1,0.503929
morphology,lm-rank,accuracy,lm_skip,3,28,0.0460496666667,0.331018701554,2,0.478422333333
morphology,lm-rank,accuracy,lm_likelihood_weight,5,28,0.0448318333333,0.322264553307,0.0,0.50768625
morphology,lm-rank,accuracy,lm_prior_weight,5,28,0.0448318333333,0.322264553307,1.0,0.50768625
morphology,lm-rank,accuracy,lm_length_penalty,4,28,0.0133803846154,0.0961821846342,inverse_log_parts,0.479967
morphology,lm-rank,f_score,lm_window_length,3,28,0.0474183333333,0.280729693941,2,0.44137
morphology,lm-rank,f_score,lm_slide_length,3,28,0.0474183333333,0.280729693941,2,0.44137
morphology,lm-rank,f_score,lm_top_split,3,28,0.118268666667,0.700183331261,1,0.486911
morphology,lm-rank,f_score,lm_skip,3,28,0.0474183333333,0.280729693941,2,0.44137
morphology,lm-rank,f_score,lm_likelihood_weight,5,28,0.07847775,0.46461006092,0.0,0.49143625
morphology,lm-rank,f_score,lm_prior_weight,5,28,0.07847775,0.46461006092,1.0,0.49143625
morphology,lm-rank,f_score,lm_length_penalty,4,28,0.00758226153846,0.0448890927084,inverse_log_parts,0.4337888
morphology,lm-skip,accuracy,lm_window_length,3,9,0,0,2,0.329702666667
morphology,lm-skip,accuracy,lm_slide_length,3,9,0,0,2,0.329702666667
morphology,lm-skip,accuracy,lm_top_split,3,9,0.243624,1,1,0.473046
morphology,lm-skip,accuracy,lm_skip,3,9,0,0,2,0.329702666667
morphology,lm-skip,f_score,lm_window_length,3,9,0,0,2,0.323133666667
morphology,lm-skip,f_score,lm_slide_length,3,9,0,0,2,0.323133666667
morphology,lm-skip,f_score,lm_top_split,3,9,0.355709,1,1,0.538576
morphology,lm-skip,f_score,lm_skip,3,9,0,0,2,0.323133666667
morphology,lm-subword,accuracy,lm_window_length,3,12,0.0082955,0.106303500948,4,0.241003666667
morphology,lm-subword,accuracy,lm_slide_length,3,12,0.0082955,0.106303500948,4,0.241003666667
morphology,lm-subword,accuracy,lm_top_split,3,12,0.0721076666667,0.924030789208,1,0.28402
morphology,lm-subword,accuracy,lm_skip,3,12,0.0082955,0.106303500948,4,0.241003666667
morphology,lm-subword,f_score,lm_window_length,3,12,0.016997,0.102196408064,4,0.261058666667
morphology,lm-subword,f_score,lm_slide_length,3,12,0.016997,0.102196408064,4,0.261058666667
morphology,lm-subword,f_score,lm_top_split,3,12,0.160980333333,0.967912680804,1,0.357329
morphology,lm-subword,f_score,lm_skip,3,12,0.016997,0.102196408064,4,0.261058666667
morphology,lm-syllable,accuracy,lm_window_length,3,9,0.00110333333333,0.0166719553534,4,0.249506
morphology,lm-syllable,accuracy,lm_slide_length,3,9,0.00110333333333,0.0166719553534,4,0.249506
morphology,lm-syllable,accuracy,lm_top_split,3,9,0.0652603333333,0.986118456509,1,0.285537
morphology,lm-syllable,accuracy,lm_skip,3,9,0.00110333333333,0.0166719553534,4,0.249506
morphology,lm-syllable,f_score,lm_window_length,3,9,0.000984,0.006693149045,4,0.263645
morphology,lm-syllable,f_score,lm_slide_length,3,9,0.000984,0.006693149045,4,0.263645
morphology,lm-syllable,f_score,lm_top_split,3,9,0.146131333333,0.993982514375,1,0.35815
morphology,lm-syllable,f_score,lm_skip,3,9,0.000984,0.006693149045,4,0.263645
ner,frequent-ngram,accuracy,lm_window_length,3,9,0.000405913001333,0.242753623188,4,0.922185871804
ner,frequent-ngram,accuracy,lm_slide_length,3,9,0.000405913001333,0.242753623188,4,0.922185871804
ner,frequent-ngram,accuracy,lm_top_split,3,9,0.000539197867442,0.322463768116,1,0.922307039864
ner,frequent-ngram,accuracy,lm_skip,3,9,0.000405913001333,0.242753623188,4,0.922185871804
ner,frequent-ngram,precision,lm_window_length,3,9,0.0569037281004,0.35218881035,4,0.661199326401
ner,frequent-ngram,precision,lm_slide_length,3,9,0.0569037281004,0.35218881035,4,0.661199326401
ner,frequent-ngram,precision,lm_top_split,3,9,0.0537063210431,0.332399404184,1,0.658413520869
ner,frequent-ngram,precision,lm_skip,3,9,0.0569037281004,0.35218881035,4,0.661199326401
ner,frequent-ngram,recall,lm_window_length,3,9,0.00687999343566,0.408875479138,3,0.331950492642
ner,frequent-ngram,recall,lm_slide_length,3,9,0.00687999343566,0.408875479138,3,0.331950492642
ner,frequent-ngram,recall,lm_top_split,3,9,0.00816686278917,0.485353651455,1,0.332504660402
ner,frequent-ngram,recall,lm_skip,3,9,0.00687999343566,0.408875479138,3,0.331950492642
ner,frequent-ngram,f_score,lm_window_length,3,9,0.00537979501708,0.299811082619,3,0.402889348059
ner,frequent-ngram,f_score,lm_slide_length,3,9,0.00537979501708,0.299811082619,3,0.402889348059
ner,frequent-ngram,f_score,lm_top_split,3,9,0.00936065283418,0.521660667615,1,0.405295497225
ner,frequent-ngram,f_score,lm_skip,3,9,0.00537979501708,0.299811082619,3,0.402889348059
ner,lm-lemma,accuracy,lm_window_length,3,28,0.00110373087472,0.460055096419,3,0.952521397178
ner,lm-lemma,accuracy,lm_slide_length,3,28,0.00110373087472,0.460055096419,3,0.952521397178
ner,lm-lemma,accuracy,lm_top_split,3,28,0.000666148948592,0.277662993572,3,0.952441261029
ner,lm-lemma,accuracy,lm_skip,3,28,0.00110373087472,0.460055096419,3,0.952521397178
ner,lm-lemma,accuracy,lm_likelihood_weight,5,28,0.000773960983885,0.322601010101,0.05,0.952812613595
ner,lm-lemma,accuracy,lm_prior_weight,5,28,0.000773960983885,0.322601010101,0.95,0.952812613595
ner,lm-lemma,accuracy,lm_length_penalty,4,28,0.000399854598328,0.166666666667,inverse_sqrt_parts,0.952599054889
ner,lm-lemma,precision,lm_window_length,3,28,0.0212678616745,0.309587658879,3,0.790292793634
ner,lm-lemma,precision,lm_slide_length,3,28,0.0212678616745,0.309587658879,3,0.790292793634
ner,lm-lemma,precision,lm_top_split,3,28,0.0105083464005,0.152965747597,3,0.788568852896
ner,lm-lemma,precision,lm_skip,3,28,0.0212678616745,0.309587658879,3,0.790292793634
ner,lm-lemma,precision,lm_likelihood_weight,5,28,0.0243820782579,0.354920049885,0.5,0.802579828865
ner,lm-lemma,precision,lm_prior_weight,5,28,0.0243820782579,0.354920049885,0.5,0.802579828865
ner,lm-lemma,precision,lm_length_penalty,4,28,0.0196638950107,0.286239365008,inverse_parts,0.798629512316
ner,lm-lemma,recall,lm_window_length,3,28,0.0187293775527,0.444070416481,4,0.587573159002
ner,lm-lemma,recall,lm_slide_length,3,28,0.0187293775527,0.444070416481,4,0.587573159002
ner,lm-lemma,recall,lm_top_split,3,28,0.0113107861999,0.268176853417,5,0.583595839208
ner,lm-lemma,recall,lm_skip,3,28,0.0187293775527,0.444070416481,4,0.587573159002
ner,lm-lemma,recall,lm_likelihood_weight,5,28,0.00719508899021,0.170594359343,0.15,0.577877752463
ner,lm-lemma,recall,lm_prior_weight,5,28,0.00719508899021,0.170594359343,0.85,0.577877752463
ner,lm-lemma,recall,lm_length_penalty,4,28,0.0125322079233,0.297136558664,inverse_log_parts,0.580309842938
ner,lm-lemma,f_score,lm_window_length,3,28,0.0100351500922,0.346411121734,4,0.653381490086
ner,lm-lemma,f_score,lm_slide_length,3,28,0.0100351500922,0.346411121734,4,0.653381490086
ner,lm-lemma,f_score,lm_top_split,3,28,0.00726292131334,0.250714408464,5,0.653881975549
ner,lm-lemma,f_score,lm_skip,3,28,0.0100351500922,0.346411121734,4,0.653381490086
ner,lm-lemma,f_score,lm_likelihood_weight,5,28,0.00678629434304,0.234261352764,0.0,0.651066770618
ner,lm-lemma,f_score,lm_prior_weight,5,28,0.00678629434304,0.234261352764,1.0,0.651066770618
ner,lm-lemma,f_score,lm_length_penalty,4,28,0.00660121197715,0.227872351165,inverse_log_parts,0.650001679157
ner,lm-rank,accuracy,lm_window_length,3,28,0.000929964861263,0.255833333333,2,0.936526111717
ner,lm-rank,accuracy,lm_slide_length,3,28,0.000929964861263,0.255833333333,2,0.936526111717
ner,lm-rank,accuracy,lm_top_split,3,28,0.00171755725191,0.4725,1,0.937131952017
ner,lm-rank,accuracy,lm_skip,3,28,0.000929964861263,0.255833333333,2,0.936526111717
ner,lm-rank,accuracy,lm_likelihood_weight,5,28,0.00100418029807,0.27625,0.15,0.936014176663
ner,lm-rank,accuracy,lm_prior_weight,5,28,0.00100418029807,0.27625,0.85,0.936014176663
ner,lm-rank,accuracy,lm_length_penalty,4,28,0.000750496323015,0.206461538462,none,0.936090372732
ner,lm-rank,precision,lm_window_length,3,28,0.00876355973075,0.107124090446,3,0.710690229661
ner,lm-rank,precision,lm_slide_length,3,28,0.00876355973075,0.107124090446,3,0.710690229661
ner,lm-rank,precision,lm_top_split,3,28,0.0251504448331,0.307434262996,1,0.719228005249
ner,lm-rank,precision,lm_skip,3,28,0.00876355973075,0.107124090446,3,0.710690229661
ner,lm-rank,precision,lm_likelihood_weight,5,28,0.0448843782091,0.548658118231,0.0,0.736543336696
ner,lm-rank,precision,lm_prior_weight,5,28,0.0448843782091,0.548658118231,1.0,0.736543336696
ner,lm-rank,precision,lm_length_penalty,4,28,0.0197555618575,0.241488237686,inverse_sqrt_parts,0.721769704286
ner,lm-rank,recall,lm_window_length,3,28,0.0165694055303,0.348176223739,2,0.43086609058
ner,lm-rank,recall,lm_slide_length,3,28,0.0165694055303,0.348176223739,2,0.43086609058
ner,lm-rank,recall,lm_top_split,3,28,0.0200466602511,0.421244470844,5,0.433373250043
ner,lm-rank,recall,lm_skip,3,28,0.0165694055303,0.348176223739,2,0.43086609058
ner,lm-rank,recall,lm_likelihood_weight,5,28,0.0202056027505,0.424584361291,0.05,0.423157803147
ner,lm-rank,recall,lm_prior_weight,5,28,0.0202056027505,0.424584361291,0.95,0.423157803147
ner,lm-rank,recall,lm_length_penalty,4,28,0.00821076358983,0.172534413229,none,0.420863195858
ner,lm-rank,f_score,lm_window_length,3,28,0.0155409698132,0.311536167634,2,0.510919312307
ner,lm-rank,f_score,lm_slide_length,3,28,0.0155409698132,0.311536167634,2,0.510919312307
ner,lm-rank,f_score,lm_top_split,3,28,0.0244132133977,0.489390239667,1,0.518105014542
ner,lm-rank,f_score,lm_skip,3,28,0.0155409698132,0.311536167634,2,0.510919312307
ner,lm-rank,f_score,lm_likelihood_weight,5,28,0.0208054802491,0.417069182972,0.5,0.502313991206
ner,lm-rank,f_score,lm_prior_weight,5,28,0.0208054802491,0.417069182972,0.5,0.502313991206
ner,lm-rank,f_score,lm_length_penalty,4,28,0.0107060959735,0.214615699663,none,0.501989965508
ner,lm-skip,accuracy,lm_window_length,3,9,0.00109051254089,0.0851063829787,3,0.945977220405
ner,lm-skip,accuracy,lm_slide_length,3,9,0.00109051254089,0.0851063829787,3,0.945977220405
ner,lm-skip,accuracy,lm_top_split,3,9,0.0108505997819,0.846808510638,1,0.952120441052
ner,lm-skip,accuracy,lm_skip,3,9,0.00109051254089,0.0851063829787,3,0.945977220405
ner,lm-skip,precision,lm_window_length,3,9,0.0069592218214,0.0630992031655,4,0.770357721506
ner,lm-skip,precision,lm_slide_length,3,9,0.0069592218214,0.0630992031655,4,0.770357721506
ner,lm-skip,precision,lm_top_split,3,9,0.0824743323678,0.747794047606,1,0.804017473035
ner,lm-skip,precision,lm_skip,3,9,0.0069592218214,0.0630992031655,4,0.770357721506
ner,lm-skip,recall,lm_window_length,3,9,0.00784255439549,0.0565431986248,3,0.515943110567
ner,lm-skip,recall,lm_slide_length,3,9,0.00784255439549,0.0565431986248,3,0.515943110567
ner,lm-skip,recall,lm_top_split,3,9,0.126275793747,0.910422411792,1,0.586495145847
ner,lm-skip,recall,lm_skip,3,9,0.00784255439549,0.0565431986248,3,0.515943110567
ner,lm-skip,f_score,lm_window_length,3,9,0.0107105318743,0.0734412148606,4,0.595183934919
ner,lm-skip,f_score,lm_slide_length,3,9,0.0107105318743,0.0734412148606,4,0.595183934919
ner,lm-skip,f_score,lm_top_split,3,9,0.129821634468,0.890176012025,1,0.664269407503
ner,lm-skip,f_score,lm_skip,3,9,0.0107105318743,0.0734412148606,4,0.595183934919
ner,lm-subword,accuracy,lm_window_length,3,12,0.0009754028838,0.167708333333,2,0.941172906822
ner,lm-subword,accuracy,lm_slide_length,3,12,0.0009754028838,0.167708333333,2,0.941172906822
ner,lm-subword,accuracy,lm_top_split,3,12,0.00374712225857,0.644270833333,3,0.94185447716
ner,lm-subword,accuracy,lm_skip,3,12,0.0009754028838,0.167708333333,2,0.941172906822
ner,lm-subword,precision,lm_window_length,3,12,0.0196983180686,0.180993058343,2,0.75597816636
ner,lm-subword,precision,lm_slide_length,3,12,0.0196983180686,0.180993058343,2,0.75597816636
ner,lm-subword,precision,lm_top_split,3,12,0.0786473833772,0.722631769808,1,0.800475428167
ner,lm-subword,precision,lm_skip,3,12,0.0196983180686,0.180993058343,2,0.75597816636
ner,lm-subword,recall,lm_window_length,3,12,0.0166783503051,0.267826504571,2,0.476555115252
ner,lm-subword,recall,lm_slide_length,3,12,0.0166783503051,0.267826504571,2,0.476555115252
ner,lm-subword,recall,lm_top_split,3,12,0.0258140748425,0.4145310122,3,0.484272401197
ner,lm-subword,recall,lm_skip,3,12,0.0166783503051,0.267826504571,2,0.476555115252
ner,lm-subword,f_score,lm_window_length,3,12,0.0145377748278,0.20304065168,2,0.561041495975
ner,lm-subword,f_score,lm_slide_length,3,12,0.0145377748278,0.20304065168,2,0.561041495975
ner,lm-subword,f_score,lm_top_split,3,12,0.0260946840065,0.364449285316,3,0.562748015603
ner,lm-subword,f_score,lm_skip,3,12,0.0145377748278,0.20304065168,2,0.561041495975
ner,lm-syllable,accuracy,lm_window_length,3,9,0.000254452926209,0.0204081632653,2,0.943438749546
ner,lm-syllable,accuracy,lm_slide_length,3,9,0.000254452926209,0.0204081632653,2,0.943438749546
ner,lm-syllable,accuracy,lm_top_split,3,9,0.0119168787108,0.955782312925,1,0.950527081061
ner,lm-syllable,accuracy,lm_skip,3,9,0.000254452926209,0.0204081632653,2,0.943438749546
ner,lm-syllable,precision,lm_window_length,3,9,0.0153456638374,0.384660609222,2,0.773854668984
ner,lm-syllable,precision,lm_slide_length,3,9,0.0153456638374,0.384660609222,2,0.773854668984
ner,lm-syllable,precision,lm_top_split,3,9,0.0273644901904,0.685929366054,1,0.778954918889
ner,lm-syllable,precision,lm_skip,3,9,0.0153456638374,0.384660609222,2,0.773854668984
ner,lm-syllable,recall,lm_window_length,3,9,0.00794514978336,0.0430488789523,4,0.514628165791
ner,lm-syllable,recall,lm_slide_length,3,9,0.00794514978336,0.0430488789523,4,0.514628165791
ner,lm-syllable,recall,lm_top_split,3,9,0.170020822338,0.921216842954,1,0.615267502173
ner,lm-syllable,recall,lm_skip,3,9,0.00794514978336,0.0430488789523,4,0.514628165791
ner,lm-syllable,f_score,lm_window_length,3,9,0.000620913976327,0.00409078650288,2,0.590127284085
ner,lm-syllable,f_score,lm_slide_length,3,9,0.000620913976327,0.00409078650288,2,0.590127284085
ner,lm-syllable,f_score,lm_top_split,3,9,0.14327249655,0.943926562241,1,0.679453540752
ner,lm-syllable,f_score,lm_skip,3,9,0.000620913976327,0.00409078650288,2,0.590127284085
pos,frequent-ngram,accuracy,lm_window_length,3,9,0.00231765507839,0.319248826291,2,0.816462167689
pos,frequent-ngram,accuracy,lm_slide_length,3,9,0.00231765507839,0.319248826291,2,0.816462167689
pos,frequent-ngram,accuracy,lm_top_split,3,9,0.00175528289025,0.241784037559,3,0.816053169734
pos,frequent-ngram,accuracy,lm_skip,3,9,0.00231765507839,0.319248826291,2,0.816462167689
pos,frequent-ngram,precision,lm_window_length,3,9,0.0169570923927,0.583012548318,3,0.578730663891
pos,frequent-ngram,precision,lm_slide_length,3,9,0.0169570923927,0.583012548318,3,0.578730663891
pos,frequent-ngram,precision,lm_top_split,3,9,0.0120081952186,0.412861375818,3,0.57751410625
pos,frequent-ngram,precision,lm_skip,3,9,0.0169570923927,0.583012548318,3,0.578730663891
pos,frequent-ngram,recall,lm_window_length,3,9,0.00441064893341,0.271268551971,2,0.466441987084
pos,frequent-ngram,recall,lm_slide_length,3,9,0.00441064893341,0.271268551971,2,0.466441987084
pos,frequent-ngram,recall,lm_top_split,3,9,0.00579766695026,0.356574450189,3,0.466277849869
pos,frequent-ngram,recall,lm_skip,3,9,0.00441064893341,0.271268551971,2,0.466441987084
pos,frequent-ngram,f_score,lm_window_length,3,9,0.00548199440727,0.258077553127,2,0.473872734116
pos,frequent-ngram,f_score,lm_slide_length,3,9,0.00548199440727,0.258077553127,2,0.473872734116
pos,frequent-ngram,f_score,lm_top_split,3,9,0.00928346376789,0.437040506751,1,0.47472658925
pos,frequent-ngram,f_score,lm_skip,3,9,0.00548199440727,0.258077553127,2,0.473872734116
pos,lm-lemma,accuracy,lm_window_length,3,28,0.0014090289397,0.225906607054,2,0.873176550784
pos,lm-lemma,accuracy,lm_slide_length,3,28,0.0014090289397,0.225906607054,2,0.873176550784
pos,lm-lemma,accuracy,lm_top_split,3,28,0.00168711656442,0.270491803279,1,0.872460804363
pos,lm-lemma,accuracy,lm_skip,3,28,0.0014090289397,0.225906607054,2,0.873176550784
pos,lm-lemma,accuracy,lm_likelihood_weight,5,28,0.000877641445126,0.140710382514,0.3,0.872507668712
pos,lm-lemma,accuracy,lm_prior_weight,5,28,0.000877641445126,0.140710382514,0.7,0.872507668712
pos,lm-lemma,accuracy,lm_length_penalty,4,28,0.00174846625767,0.280327868852,inverse_sqrt_parts,0.873220858896
pos,lm-lemma,precision,lm_window_length,3,28,0.0133800380721,0.159555639263,2,0.673380930629
pos,lm-lemma,precision,lm_slide_length,3,28,0.0133800380721,0.159555639263,2,0.673380930629
pos,lm-lemma,precision,lm_top_split,3,28,0.00656854335682,0.0783292340929,3,0.664099572577
pos,lm-lemma,precision,lm_skip,3,28,0.0133800380721,0.159555639263,2,0.673380930629
pos,lm-lemma,precision,lm_likelihood_weight,5,28,0.0363268734097,0.433194395865,0.05,0.684265494355
pos,lm-lemma,precision,lm_prior_weight,5,28,0.0363268734097,0.433194395865,0.95,0.684265494355
pos,lm-lemma,precision,lm_length_penalty,4,28,0.015302011806,0.182474987183,inverse_log_parts,0.673613749714
pos,lm-lemma,recall,lm_window_length,3,28,0.00648268328353,0.213432831512,4,0.622020259307
pos,lm-lemma,recall,lm_slide_length,3,28,0.00648268328353,0.213432831512,4,0.622020259307
pos,lm-lemma,recall,lm_top_split,3,28,0.00290859450205,0.0957612046037,1,0.619063423769
pos,lm-lemma,recall,lm_skip,3,28,0.00648268328353,0.213432831512,4,0.622020259307
pos,lm-lemma,recall,lm_likelihood_weight,5,28,0.00374874471334,0.123421917097,0.3,0.618364801002
pos,lm-lemma,recall,lm_prior_weight,5,28,0.00374874471334,0.123421917097,0.7,0.618364801002
pos,lm-lemma,recall,lm_length_penalty,4,28,0.0046797068289,0.15407247824,inverse_sqrt_parts,0.619026491002
pos,lm-lemma,f_score,lm_window_length,3,28,0.00668763419507,0.21314174906,4,0.631020526362
pos,lm-lemma,f_score,lm_slide_length,3,28,0.00668763419507,0.21314174906,4,0.631020526362
pos,lm-lemma,f_score,lm_top_split,3,28,0.00380193696195,0.121171623664,1,0.627200357003
pos,lm-lemma,f_score,lm_skip,3,28,0.00668763419507,0.21314174906,4,0.631020526362
pos,lm-lemma,f_score,lm_likelihood_weight,5,28,0.00375165698492,0.119569149316,0.3,0.626953565352
pos,lm-lemma,f_score,lm_prior_weight,5,28,0.00375165698492,0.119569149316,0.7,0.626953565352
pos,lm-lemma,f_score,lm_length_penalty,4,28,0.00306039692091,0.0975379833156,inverse_sqrt_parts,0.627524237673
pos,lm-rank,accuracy,lm_window_length,3,28,0.00543626448534,0.22966162707,4,0.860702113156
pos,lm-rank,accuracy,lm_slide_length,3,28,0.00543626448534,0.22966162707,4,0.860702113156
pos,lm-rank,accuracy,lm_top_split,3,28,0.0141785957737,0.598992080634,1,0.868711656442
pos,lm-rank,accuracy,lm_skip,3,28,0.00543626448534,0.22966162707,4,0.860702113156
pos,lm-rank,accuracy,lm_likelihood_weight,5,28,0.00909594410361,0.384269258459,0.15,0.858891445126
pos,lm-rank,accuracy,lm_prior_weight,5,28,0.00909594410361,0.384269258459,0.85,0.858891445126
pos,lm-rank,accuracy,lm_length_penalty,4,28,0.00451470819569,0.190729357036,none,0.857888941325
pos,lm-rank,precision,lm_window_length,3,28,0.0110653991657,0.228250102104,4,0.641957343535
pos,lm-rank,precision,lm_slide_length,3,28,0.0110653991657,0.228250102104,4,0.641957343535
pos,lm-rank,precision,lm_top_split,3,28,0.0226512853383,0.467236483188,1,0.65151193186
pos,lm-rank,precision,lm_skip,3,28,0.0110653991657,0.228250102104,4,0.641957343535
pos,lm-rank,precision,lm_likelihood_weight,5,28,0.0241383038159,0.497909766117,0.05,0.636894996117
pos,lm-rank,precision,lm_prior_weight,5,28,0.0241383038159,0.497909766117,0.95,0.636894996117
pos,lm-rank,precision,lm_length_penalty,4,28,0.00895511790602,0.184720546073,none,0.634915797479
pos,lm-rank,recall,lm_window_length,3,28,0.0181507144791,0.190261117508,2,0.574524728771
pos,lm-rank,recall,lm_slide_length,3,28,0.0181507144791,0.190261117508,2,0.574524728771
pos,lm-rank,recall,lm_top_split,3,28,0.0513375376033,0.538135139845,1,0.605597849837
pos,lm-rank,recall,lm_skip,3,28,0.0181507144791,0.190261117508,2,0.574524728771
pos,lm-rank,recall,lm_likelihood_weight,5,28,0.032091075371,0.336388072719,0.15,0.569015099968
pos,lm-rank,recall,lm_prior_weight,5,28,0.032091075371,0.336388072719,0.85,0.569015099968
pos,lm-rank,recall,lm_length_penalty,4,28,0.0134080217399,0.140546819947,none,0.564978255072
pos,lm-rank,f_score,lm_window_length,3,28,0.0140217507136,0.157895776974,4,0.589682002084
pos,lm-rank,f_score,lm_slide_length,3,28,0.0140217507136,0.157895776974,4,0.589682002084
pos,lm-rank,f_score,lm_top_split,3,28,0.0467806855922,0.526786765062,1,0.618949148261
pos,lm-rank,f_score,lm_skip,3,28,0.0140217507136,0.157895776974,4,0.589682002084
pos,lm-rank,f_score,lm_likelihood_weight,5,28,0.0346112067117,0.389749004054,0.05,0.586902226436
pos,lm-rank,f_score,lm_prior_weight,5,28,0.0346112067117,0.389749004054,0.95,0.586902226436
pos,lm-rank,f_score,lm_length_penalty,4,28,0.0124938560889,0.140690499699,none,0.582817963011
pos,lm-skip,accuracy,lm_window_length,3,9,0.00013633265167,0.0031746031746,3,0.858929788684
pos,lm-skip,accuracy,lm_slide_length,3,9,0.00013633265167,0.0031746031746,3,0.858929788684
pos,lm-skip,accuracy,lm_top_split,3,9,0.0409509202454,0.953571428571,1,0.883333333333
pos,lm-skip,accuracy,lm_skip,3,9,0.00013633265167,0.0031746031746,3,0.858929788684
pos,lm-subword,accuracy,lm_window_length,3,12,0.0017978868439,0.152898550725,3,0.858887184731
pos,lm-subword,accuracy,lm_slide_length,3,12,0.0017978868439,0.152898550725,3,0.858887184731
pos,lm-subword,accuracy,lm_top_split,3,12,0.0049591002045,0.421739130435,3,0.860088616224
pos,lm-subword,accuracy,lm_skip,3,12,0.0017978868439,0.152898550725,3,0.858887184731
pos,lm-subword,precision,lm_window_length,3,12,0.00519201208371,0.102714608608,2,0.644362769622
pos,lm-subword,precision,lm_slide_length,3,12,0.00519201208371,0.102714608608,2,0.644362769622
pos,lm-subword,precision,lm_top_split,3,12,0.0322933823568,0.638866411695,1,0.663109059026
pos,lm-subword,precision,lm_skip,3,12,0.00519201208371,0.102714608608,2,0.644362769622
pos,lm-subword,recall,lm_window_length,3,12,0.0113487791982,0.135182685,4,0.591603656206
pos,lm-subword,recall,lm_slide_length,3,12,0.0113487791982,0.135182685,4,0.591603656206
pos,lm-subword,recall,lm_top_split,3,12,0.0723885084257,0.86226657169,1,0.628702087594
pos,lm-subword,recall,lm_skip,3,12,0.0113487791982,0.135182685,4,0.591603656206
pos,lm-subword,f_score,lm_window_length,3,12,0.00839038011512,0.103616594375,4,0.601344005235
pos,lm-subword,f_score,lm_slide_length,3,12,0.00839038011512,0.103616594375,4,0.601344005235
pos,lm-subword,f_score,lm_top_split,3,12,0.0678492722411,0.837901313646,1,0.635765338602
pos,lm-subword,f_score,lm_skip,3,12,0.00839038011512,0.103616594375,4,0.601344005235
pos,lm-syllable,accuracy,lm_window_length,3,9,0.00334014996592,0.219977553311,2,0.843081117928
pos,lm-syllable,accuracy,lm_slide_length,3,9,0.00334014996592,0.219977553311,2,0.843081117928
pos,lm-syllable,accuracy,lm_top_split,3,9,0.0114689843217,0.755331088664,1,0.847460804363
pos,lm-syllable,accuracy,lm_skip,3,9,0.00334014996592,0.219977553311,2,0.843081117928
pos,lm-syllable,precision,lm_window_length,3,9,0.00708344476355,0.164686301638,2,0.640406203312
pos,lm-syllable,precision,lm_slide_length,3,9,0.00708344476355,0.164686301638,2,0.640406203312
pos,lm-syllable,precision,lm_top_split,3,9,0.0324716559879,0.754948631804,1,0.656523450927
pos,lm-syllable,precision,lm_skip,3,9,0.00708344476355,0.164686301638,2,0.640406203312
pos,lm-syllable,recall,lm_window_length,3,9,0.00906865939031,0.111127382687,2,0.57929899767
pos,lm-syllable,recall,lm_slide_length,3,9,0.00906865939031,0.111127382687,2,0.57929899767
pos,lm-syllable,recall,lm_top_split,3,9,0.0686081870627,0.84072495515,1,0.620195946808
pos,lm-syllable,recall,lm_skip,3,9,0.00906865939031,0.111127382687,2,0.57929899767
pos,lm-syllable,f_score,lm_window_length,3,9,0.00949948855678,0.141542627544,2,0.597610308809
pos,lm-syllable,f_score,lm_slide_length,3,9,0.00949948855678,0.141542627544,2,0.597610308809
pos,lm-syllable,f_score,lm_top_split,3,9,0.0565341075528,0.842359678739,1,0.630076057845
pos,lm-syllable,f_score,lm_skip,3,9,0.00949948855678,0.141542627544,2,0.597610308809
sentiment,frequent-ngram,accuracy,lm_window_length,3,9,0.0126,0.337801608579,2,0.736033333333
sentiment,frequent-ngram,accuracy,lm_slide_length,3,9,0.0126,0.337801608579,2,0.736033333333
sentiment,frequent-ngram,accuracy,lm_top_split,3,9,0.009,0.241286863271,5,0.7345
sentiment,frequent-ngram,accuracy,lm_skip,3,9,0.0126,0.337801608579,2,0.736033333333
sentiment,frequent-ngram,precision,lm_window_length,3,9,0.00566816699693,0.437404264234,3,0.649762874317
sentiment,frequent-ngram,precision,lm_slide_length,3,9,0.00566816699693,0.437404264234,3,0.649762874317
sentiment,frequent-ngram,precision,lm_top_split,3,9,0.00227587043172,0.175625635627,5,0.648789228526
sentiment,frequent-ngram,precision,lm_skip,3,9,0.00566816699693,0.437404264234,3,0.649762874317
sentiment,frequent-ngram,recall,lm_window_length,3,9,0.0117240828265,0.49341022882,2,0.594007732376
sentiment,frequent-ngram,recall,lm_slide_length,3,9,0.0117240828265,0.49341022882,2,0.594007732376
sentiment,frequent-ngram,recall,lm_top_split,3,9,0.00407537063222,0.171512738858,5,0.588802818265
sentiment,frequent-ngram,recall,lm_skip,3,9,0.0117240828265,0.49341022882,2,0.594007732376
sentiment,frequent-ngram,f_score,lm_window_length,3,9,0.012662330508,0.371689917874,2,0.57297793125
sentiment,frequent-ngram,f_score,lm_slide_length,3,9,0.012662330508,0.371689917874,2,0.57297793125
sentiment,frequent-ngram,f_score,lm_top_split,3,9,0.00676950639326,0.198712020174,5,0.569961125731
sentiment,frequent-ngram,f_score,lm_skip,3,9,0.012662330508,0.371689917874,2,0.57297793125
sentiment,lm-lemma,accuracy,lm_window_length,3,28,0.00703333333333,0.160945842868,4,0.810766666667
sentiment,lm-lemma,accuracy,lm_slide_length,3,28,0.00703333333333,0.160945842868,4,0.810766666667
sentiment,lm-lemma,accuracy,lm_top_split,3,28,0.0239333333333,0.547673531655,1,0.815133333333
sentiment,lm-lemma,accuracy,lm_skip,3,28,0.00703333333333,0.160945842868,4,0.810766666667
sentiment,lm-lemma,accuracy,lm_likelihood_weight,5,28,0.0075,0.171624713959,0.0,0.813675
sentiment,lm-lemma,accuracy,lm_prior_weight,5,28,0.0075,0.171624713959,1.0,0.813675
sentiment,lm-lemma,accuracy,lm_length_penalty,4,28,0.01156,0.264530892449,inverse_sqrt_parts,0.81628
sentiment,lm-lemma,precision,lm_window_length,3,28,0.0116415407535,0.244699522485,4,0.711651501227
sentiment,lm-lemma,precision,lm_slide_length,3,28,0.0116415407535,0.244699522485,4,0.711651501227
sentiment,lm-lemma,precision,lm_top_split,3,28,0.0141334049439,0.297077295358,3,0.704241964685
sentiment,lm-lemma,precision,lm_skip,3,28,0.0116415407535,0.244699522485,4,0.711651501227
sentiment,lm-lemma,precision,lm_likelihood_weight,5,28,0.0168613245057,0.354416837287,0.3,0.708695531255
sentiment,lm-lemma,precision,lm_prior_weight,5,28,0.0168613245057,0.354416837287,0.7,0.708695531255
sentiment,lm-lemma,precision,lm_length_penalty,4,28,0.0185858016129,0.390664507042,inverse_sqrt_parts,0.709750030339
sentiment,lm-lemma,recall,lm_window_length,3,28,0.00419273218603,0.142604173043,3,0.641559902653
sentiment,lm-lemma,recall,lm_slide_length,3,28,0.00419273218603,0.142604173043,3,0.641559902653
sentiment,lm-lemma,recall,lm_top_split,3,28,0.0135693699585,0.461524537175,1,0.644767841158
sentiment,lm-lemma,recall,lm_skip,3,28,0.00419273218603,0.142604173043,3,0.641559902653
sentiment,lm-lemma,recall,lm_likelihood_weight,5,28,0.00711119294686,0.241867532803,0.0,0.645899809539
sentiment,lm-lemma,recall,lm_prior_weight,5,28,0.00711119294686,0.241867532803,1.0,0.645899809539
sentiment,lm-lemma,recall,lm_length_penalty,4,28,0.0074274523462,0.252624220354,inverse_sqrt_parts,0.645751128827
sentiment,lm-lemma,f_score,lm_window_length,3,28,0.00616296100141,0.152156971271,3,0.628234003226
sentiment,lm-lemma,f_score,lm_slide_length,3,28,0.00616296100141,0.152156971271,3,0.628234003226
sentiment,lm-lemma,f_score,lm_top_split,3,28,0.0190448945323,0.470198248787,1,0.633060700887
sentiment,lm-lemma,f_score,lm_skip,3,28,0.00616296100141,0.152156971271,3,0.628234003226
sentiment,lm-lemma,f_score,lm_likelihood_weight,5,28,0.00931945709713,0.230087512393,0.0,0.633818554671
sentiment,lm-lemma,f_score,lm_prior_weight,5,28,0.00931945709713,0.230087512393,1.0,0.633818554671
sentiment,lm-lemma,f_score,lm_length_penalty,4,28,0.0103697911239,0.256019145629,inverse_sqrt_parts,0.634218702699
sentiment,lm-rank,accuracy,lm_window_length,3,28,0.00671363636364,0.102969882878,4,0.8
sentiment,lm-rank,accuracy,lm_slide_length,3,28,0.00671363636364,0.102969882878,4,0.8
sentiment,lm-rank,accuracy,lm_top_split,3,28,0.0191818181818,0.294199665365,1,0.8115
sentiment,lm-rank,accuracy,lm_skip,3,28,0.00671363636364,0.102969882878,4,0.8
sentiment,lm-rank,accuracy,lm_likelihood_weight,5,28,0.012075,0.185199386503,0.05,0.802225
sentiment,lm-rank,accuracy,lm_prior_weight,5,28,0.012075,0.185199386503,0.95,0.802225
sentiment,lm-rank,accuracy,lm_length_penalty,4,28,0.01746,0.267791411043,inverse_sqrt_parts,0.8026
sentiment,lm-rank,precision,lm_window_length,3,28,0.00833272899827,0.123618722866,2,0.702321432751
sentiment,lm-rank,precision,lm_slide_length,3,28,0.00833272899827,0.123618722866,2,0.702321432751
sentiment,lm-rank,precision,lm_top_split,3,28,0.027436489736,0.407029176371,1,0.719052186257
sentiment,lm-rank,precision,lm_skip,3,28,0.00833272899827,0.123618722866,2,0.702321432751
sentiment,lm-rank,precision,lm_likelihood_weight,5,28,0.00691258721886,0.102550461424,0.05,0.700372885619
sentiment,lm-rank,precision,lm_prior_weight,5,28,0.00691258721886,0.102550461424,0.95,0.700372885619
sentiment,lm-rank,precision,lm_length_penalty,4,28,0.0146789355461,0.217766744318,inverse_sqrt_parts,0.703081249071
sentiment,lm-rank,recall,lm_window_length,3,28,0.00821028020466,0.176638781401,4,0.631561256072
sentiment,lm-rank,recall,lm_slide_length,3,28,0.00821028020466,0.176638781401,4,0.631561256072
sentiment,lm-rank,recall,lm_top_split,3,28,0.0093280133477,0.200686075208,1,0.632889085679
sentiment,lm-rank,recall,lm_skip,3,28,0.00821028020466,0.176638781401,4,0.631561256072
sentiment,lm-rank,recall,lm_likelihood_weight,5,28,0.0100122297944,0.215406542275,0.05,0.629736875297
sentiment,lm-rank,recall,lm_prior_weight,5,28,0.0100122297944,0.215406542275,0.95,0.629736875297
sentiment,lm-rank,recall,lm_length_penalty,4,28,0.0118749009343,0.255480687382,inverse_sqrt_parts,0.630403395823
sentiment,lm-rank,f_score,lm_window_length,3,28,0.0109328137018,0.220765805529,4,0.618351564412
sentiment,lm-rank,f_score,lm_slide_length,3,28,0.0109328137018,0.220765805529,4,0.618351564412
sentiment,lm-rank,f_score,lm_top_split,3,28,0.00766375830371,0.154753919846,1,0.615331730069
sentiment,lm-rank,f_score,lm_skip,3,28,0.0109328137018,0.220765805529,4,0.618351564412
sentiment,lm-rank,f_score,lm_likelihood_weight,5,28,0.010442248467,0.210859844249,0.05,0.615926811445
sentiment,lm-rank,f_score,lm_prior_weight,5,28,0.010442248467,0.210859844249,0.95,0.615926811445
sentiment,lm-rank,f_score,lm_length_penalty,4,28,0.0168349948631,0.339948278953,inverse_log_parts,0.617852344893
sentiment,lm-skip,accuracy,lm_window_length,3,9,0.0129,0.217905405405,4,0.809933333333
sentiment,lm-skip,accuracy,lm_slide_length,3,9,0.0129,0.217905405405,4,0.809933333333
sentiment,lm-skip,accuracy,lm_top_split,3,9,0.0403666666667,0.681869369369,1,0.829066666667
sentiment,lm-skip,accuracy,lm_skip,3,9,0.0129,0.217905405405,4,0.809933333333
sentiment,lm-skip,precision,lm_window_length,3,9,0.0128911250158,0.185125598894,4,0.705531138543
sentiment,lm-skip,precision,lm_slide_length,3,9,0.0128911250158,0.185125598894,4,0.705531138543
sentiment,lm-skip,precision,lm_top_split,3,9,0.0471889812864,0.677666876331,1,0.725933108764
sentiment,lm-skip,precision,lm_skip,3,9,0.0128911250158,0.185125598894,4,0.705531138543
sentiment,lm-skip,recall,lm_window_length,3,9,0.0104821217771,0.177599162615,3,0.646300718924
sentiment,lm-skip,recall,lm_slide_length,3,9,0.0104821217771,0.177599162615,3,0.646300718924
sentiment,lm-skip,recall,lm_top_split,3,9,0.0398373682684,0.674966709576,1,0.66574895906
sentiment,lm-skip,recall,lm_skip,3,9,0.0104821217771,0.177599162615,3,0.646300718924
sentiment,lm-skip,f_score,lm_window_length,3,9,0.0143716365523,0.182881855291,3,0.639695227645
sentiment,lm-skip,f_score,lm_slide_length,3,9,0.0143716365523,0.182881855291,3,0.639695227645
sentiment,lm-skip,f_score,lm_top_split,3,9,0.0506374441214,0.644371272152,1,0.663860313327
sentiment,lm-skip,f_score,lm_skip,3,9,0.0143716365523,0.182881855291,3,0.639695227645
sentiment,lm-subword,accuracy,lm_window_length,3,12,0.0041,0.0721830985916,4,0.807833333333
sentiment,lm-subword,accuracy,lm_slide_length,3,12,0.0041,0.0721830985916,4,0.807833333333
sentiment,lm-subword,accuracy,lm_top_split,3,12,0.0446333333333,0.785798122066,1,0.832733333333
sentiment,lm-subword,accuracy,lm_skip,3,12,0.0041,0.0721830985916,4,0.807833333333
sentiment,lm-subword,precision,lm_window_length,3,12,0.0152351494952,0.140274189121,4,0.714575012566
sentiment,lm-subword,precision,lm_slide_length,3,12,0.0152351494952,0.140274189121,4,0.714575012566
sentiment,lm-subword,precision,lm_top_split,3,12,0.0661660419672,0.609208848738,1,0.752607146361
sentiment,lm-subword,precision,lm_skip,3,12,0.0152351494952,0.140274189121,4,0.714575012566
sentiment,lm-subword,recall,lm_window_length,3,12,0.00555683472148,0.10951637685,4,0.641183473296
sentiment,lm-subword,recall,lm_slide_length,3,12,0.00555683472148,0.10951637685,4,0.641183473296
sentiment,lm-subword,recall,lm_top_split,3,12,0.0423213234657,0.83408599351,1,0.666181916459
sentiment,lm-subword,recall,lm_skip,3,12,0.00555683472148,0.10951637685,4,0.641183473296
sentiment,lm-subword,f_score,lm_window_length,3,12,0.00902505682253,0.128411766032,4,0.63081818675
sentiment,lm-subword,f_score,lm_slide_length,3,12,0.00902505682253,0.128411766032,4,0.63081818675
sentiment,lm-subword,f_score,lm_top_split,3,12,0.0546788377886,0.777990240184,1,0.661575680129
sentiment,lm-subword,f_score,lm_skip,3,12,0.00902505682253,0.128411766032,4,0.63081818675
sentiment,lm-syllable,accuracy,lm_window_length,3,9,0.00623333333333,0.113127646703,4,0.8104
sentiment,lm-syllable,accuracy,lm_slide_length,3,9,0.00623333333333,0.113127646703,4,0.8104
sentiment,lm-syllable,accuracy,lm_top_split,3,9,0.0427333333333,0.775559588627,1,0.831
sentiment,lm-syllable,accuracy,lm_skip,3,9,0.00623333333333,0.113127646703,4,0.8104
sentiment,lm-syllable,precision,lm_window_length,3,9,0.012598733222,0.172042003302,4,0.712853367939
sentiment,lm-syllable,precision,lm_slide_length,3,9,0.012598733222,0.172042003302,4,0.712853367939
sentiment,lm-syllable,precision,lm_top_split,3,9,0.0509058949827,0.695145456167,1,0.734075511647
sentiment,lm-syllable,precision,lm_skip,3,9,0.012598733222,0.172042003302,4,0.712853367939
sentiment,lm-syllable,recall,lm_window_length,3,9,0.00624097501582,0.143042032175,2,0.641432621814
sentiment,lm-syllable,recall,lm_slide_length,3,9,0.00624097501582,0.143042032175,2,0.641432621814
sentiment,lm-syllable,recall,lm_top_split,3,9,0.0326092587346,0.747398383314,1,0.656436388493
sentiment,lm-syllable,recall,lm_skip,3,9,0.00624097501582,0.143042032175,2,0.641432621814
sentiment,lm-syllable,f_score,lm_window_length,3,9,0.00887393813673,0.155553205755,2,0.633572971928
sentiment,lm-syllable,f_score,lm_slide_length,3,9,0.00887393813673,0.155553205755,2,0.633572971928
sentiment,lm-syllable,f_score,lm_top_split,3,9,0.0431193948252,0.755849318749,1,0.654121814405
sentiment,lm-syllable,f_score,lm_skip,3,9,0.00887393813673,0.155553205755,2,0.633572971928
