variant_id,task,method,lm_window_length,lm_slide_length,lm_top_split,lm_skip,lm_stem_length,lm_prune,lm_likelihood_weight,lm_prior_weight,lm_length_penalty,corpus_filename,result_filename,accuracy,f1,status
"v1","pos","frequent-ngram","2","2","1","2","7","100","0.15","0.85","none","resources/text//pos/175838085.txt","resources/results/skip/frequent-ngram/pos/skip//240-2-733130507.xml","","","found"
"v2","pos","frequent-ngram","2","2","3","2","7","100","0.15","0.85","none","resources/text//pos/175838771.txt","resources/results/skip/frequent-ngram/pos/skip//240-2-392817383.xml","","","found"
"v3","pos","frequent-ngram","2","2","5","2","7","100","0.15","0.85","none","resources/text//pos/175839457.txt","resources/results/skip/frequent-ngram/pos/skip//240-2-52504259.xml","","","found"
"v4","pos","frequent-ngram","3","3","1","3","7","100","0.15","0.85","none","resources/text//pos/175840542.txt","resources/results/skip/frequent-ngram/pos/skip//240-3-2012347133.xml","","","found"
"v5","pos","frequent-ngram","3","3","3","3","7","100","0.15","0.85","none","resources/text//pos/175841228.txt","resources/results/skip/frequent-ngram/pos/skip//240-3-1672034009.xml","","","found"
"v6","pos","frequent-ngram","3","3","5","3","7","100","0.15","0.85","none","resources/text//pos/175841914.txt","resources/results/skip/frequent-ngram/pos/skip//240-3-1331720885.xml","","","found"
"v7","pos","frequent-ngram","4","4","1","4","7","100","0.15","0.85","none","resources/text//pos/175842999.txt","resources/results/skip/frequent-ngram/pos/skip//240-4--1003403537.xml","","","found"
"v8","pos","frequent-ngram","4","4","3","4","7","100","0.15","0.85","none","resources/text//pos/175843685.txt","resources/results/skip/frequent-ngram/pos/skip//240-4--1343716661.xml","","","found"
"v9","pos","frequent-ngram","4","4","5","4","7","100","0.15","0.85","none","resources/text//pos/175844371.txt","resources/results/skip/frequent-ngram/pos/skip//240-4--1684029785.xml","","","found"
